wave1,wave2
101.74205921102639,-0.5253803384215985
103.82236736127722,-0.18596908345206487
102.09349128127612,0.8386286424872509
101.68831909565621,-0.8888332239514938
108.64554271575065,-2.2273863607376327
115.27396168259335,-0.7962022356160503
114.83131283757058,0.9432804461028468
109.06697835733785,1.8243354954612983
101.01798186709138,2.030103568786572
93.174046343389,2.0293964620054012
85.80740789698754,1.2954196231337605
85.04656100043081,-0.5628569978244897
87.5334555498639,-0.7629682169002834
90.03166380779598,-0.20647518010647303
91.08171737785801,-0.8322646814565573
99.51962259775709,-3.0193459556665587
106.09854408991671,0.23900209204104783
102.70513864700249,0.6837722574073908
104.36118272854137,-0.8874190103891166
105.5208378496873,0.16051323932934025
103.35921241960003,0.946108873227594
98.4250213004803,1.5231080066758338
90.32369890842602,2.3087036405740804
85.21343820079085,-0.004242640687117216
85.80175104273806,-0.08061017305526974
89.62578451539491,-1.8695903294572318
95.23314129020423,-0.5034600282048203
96.54058172861815,-0.6045762979144911
100.44168984042433,-0.9602510088513299
100.78958637676811,0.8188296526140277
96.6586685610763,0.7283199846221393
97.89044857390329,-1.1964246737676305
101.25132710488293,-0.27506453788157614
101.20748648444936,0.0021213203435550554
102.21299232729663,-0.23122391744799842
99.84206328997814,1.255821643387307
95.09384125431046,1.083994695558978
90.65745330914606,1.01611244456506
89.9362043923358,-0.8506494577674175
95.8391318016811,-1.7218050121892432
100.42189085055111,-0.550129075763131
105.5470008005912,-2.2740554082959292
114.61281684218395,-1.8109004666187403
116.00298877399669,1.0033845225037155
110.3567411262221,1.2742064196981602
107.75388106467443,0.24253762594697292
106.62887417580663,0.2658721497261425
106.4733106839456,-0.02404163056034747
104.41138731000561,1.0352043276571052
100.31441061981076,0.9659078631008242
96.68765993910495,0.7672108575874077
96.92666203114601,-1.0104555903155799
100.41128424883331,-0.30476302269139666
100.98757627550034,-0.41295036021293896
105.19627583712267,-1.3873435046880118
109.05142200815175,-0.35779603128039383
106.62745996224425,1.6956420612853478
97.3000144116125,2.611345342921915
89.69295965960762,0.7799387796487594
91.00393563192748,-0.9864139597552324
91.20121842387853,1.0366185412194682
86.05984501787114,0.8789337290148822
87.62467232463698,-1.5344217151748154
93.4158768625548,-1.131370849898481
96.8121107325938,-0.5734635995422863
97.12040928919112,0.21142492757477527
99.08970167479566,-1.3279465350683353
102.92222042882675,-0.1400071426749463
101.91742169276067,-0.05020458146424289
103.42780177737512,-0.012020815280173736
101.8106485688015,0.104651803615603
105.20546822527811,-0.9312596308226802
102.95333312719896,1.664529362913136
97.52982411549814,0.8739839815465658
95.4176961600939,0.19586857838867644
97.04616307716654,-0.8810550493584444
100.55058428472705,-0.5176021638285491
97.48810481540812,2.2082944776455804
86.52017153242357,2.730846388942446
78.88412540239005,1.286227234978334
78.17984704832827,-1.5379572490807405
89.86125107353004,-3.6974613588244623
102.10763341689984,-2.323552882978987
108.1017776010182,-0.6936717523440095
108.12440501801618,0.5635641046056747
107.06728038014228,-0.21778888860544754
109.25577586791465,-0.44194173824159577
107.77792269523476,1.1433916651786475
103.097582910561,0.9517657274770954
102.03126588453169,-0.37618080759123984
104.30885682673357,-0.3061772362537809
99.94812930715612,2.4946727240261453
92.23359432441089,0.7212489168102749
94.17955218623626,-1.0069200564096477
98.5989695686522,-1.750796390217893
110.06541313237324,-3.2724901833313425
111.54609473217789,2.6742778464475307
98.13652173375618,2.712461612631607
94.86544576398722,-0.8117585848021562
97.81478814831631,-0.3231477990022569
97.4732555730032,0.30688434303497303
94.8774665792674,0.9751002512562579
91.24576615109328,0.8803479425772522
86.89423101967127,1.0797520548718609
87.58295302454697,-1.3880506114691968
93.28294078769173,-1.4028998538741178
101.09081386555359,-2.4649742392163034
106.32764668702116,0.2517300141024066
101.64094294131672,1.5061374439273578
96.83898079027887,0.9553012613830276
94.70139699075195,-0.0721248916810282
98.45330557172775,-1.579676549170749
102.78504171327656,-0.2234457428549348
103.54093886236498,-0.6173042199758498
106.73635440654698,-0.2983990616607244
102.02985167096932,2.3829498525986708
92.3955217773026,2.2973899320750846
83.40324484095329,2.0039406178826766
81.27131789567585,-0.8803479425772522
86.74856702274684,-1.6440232662587277
95.60720077745191,-2.820648950153142
100.53714925588451,0.9666149698820163
94.35986441543884,0.6569021997223103
99.44184085182656,-2.544170198709196
107.8663110428831,-1.5174511524263252
106.73847572689054,2.36810061019375
93.3366809030619,3.4605805871269624
83.26748033896547,1.6532156544141543
81.2154564599621,-0.6279108216936535
86.52087863920477,-1.784030408933667
94.21915016598271,-2.0053548314450467
99.73670437958134,-0.5918483758531465
100.14682631266956,0.2453660530717272
97.6839733937968,1.0550033175303355
93.71356881743434,0.6158900064134798
94.55714720738989,-0.9149961748553892
96.48330607934204,0.24748737341528937
94.84493966733282,0.310419876940891
94.5408837514226,-0.28354981925580347
97.89256989424683,-0.8365073221436816
92.90675998010049,3.5624039636178253
78.33894607409522,2.8623682502431436
71.4701108016491,0.9956063479106589
67.65739103749124,0.6858935777509529
69.16352848141858,-1.3321891757554525
72.26560593048399,-0.17182694782832897
78.7349258715597,-3.4747227227506983
93.8097353396757,-3.0115677810735093
102.56442439754636,-1.9827274144470763
111.12678041093426,-1.6921065273794085
111.09991035324916,1.3823937572197096
105.9733861896467,0.7558971490884119
104.19218420783778,0.47376154339499266
98.82948637931901,2.095864499436921
92.19965319891395,0.7622611101190913
92.49380961988754,-0.6293250352560307
95.63831347582412,-0.8633773798287621
97.2102118504018,0.18101933598375552
94.85978890973773,0.7848885271170616
89.51264743040505,2.013840112819281
82.89483506528015,0.6837722574073908
87.15586052871029,-2.2563777387662753
92.87352596138471,-0.26516504294495746
91.65447387061911,0.570635172417532
88.08429173240823,1.286934341759519
84.84998531526097,-0.2658721497261354
90.32087048130128,-2.0060619382262317
96.86655795474515,-1.2261231585774652
98.18601920843926,0.9319667376038652
89.6469977188305,2.5484128393963132
86.1248988417403,-0.6880148980945151
88.23066283611385,0.08131727983644765
89.12232448719007,-1.0733880938411815
95.29678090051101,-1.54573542367379
97.23283926739978,0.5628569978244968
94.93049958785639,0.17394826817189113
97.18334179271673,-1.2614784976368085
105.63538914823954,-2.86873221127383
114.41624115701407,-1.168847509301358
114.77403718829447,0.8619631662663991
109.16314487957922,1.7564532444673873
103.3394134297268,1.219052090765615
98.7297843231717,1.0373256480006745
96.63957667798428,0.03323401871576692
95.55558198242528,0.739633693121128
91.25213011212398,1.1030865786510233
88.62593552679712,0.3917371567773458
85.02605490377641,1.5619988796410809
80.58330299758133,0.2701147904132597
81.96074700733273,-0.43416356364853925
82.46349992875636,0.07000357133746604
83.85155054022556,-1.101672365088639
92.66139392702875,-2.782465183969066
99.19647479875483,-0.3853731957466664
98.59967667543337,0.7516545084013018
92.46693956220246,2.046367024753877
85.73528300530651,1.1101576464628806
84.82594368470062,-0.6533666658163639
87.71659620619123,-0.42284985514955054
88.25116893276825,-0.20788939366884307
90.96150922505629,-0.999141881816584
92.7059416542435,0.3775950211536099
89.5472956626832,1.0217692988145615
86.26419887763406,0.47376154339498555
85.85902669201417,-0.11950104602052392
86.05560237718403,0.009192388155426556
87.7858926707475,-1.303904904507995
98.43492079541691,-3.4308821023171276
105.68064398223547,0.7219560235914599
94.73745943659246,4.124553854661144
80.63280047226439,2.477702161277662
77.15029957492065,-0.6724585489084092
82.0618632770424,-1.325825214724773
85.1102006107376,-0.3210264786586947
88.15712373087044,-1.4743176387739538
95.40921087871968,-1.5761410152648168
99.17314027497567,-0.4426488450227737
99.22193064287754,0.36557420587344325
97.98025113511396,0.04171930009000846
98.11389431675823,0.12020815280171604
97.77024042110156,-0.1767766952966383
100.42401217089467,-0.7488260812765617
99.14344179016584,1.4877526676164976
92.37360146708582,1.3689587283771587
93.42153371680428,-2.0152543263816582
101.05263009936951,-0.5812417741353428
96.20399890077336,2.5038651121815576
87.19050876098844,1.6107892475429537
85.99479119400198,-0.6724585489084021
86.94655692147907,0.25102290732122867
87.34819357319303,-0.41648589411887826
88.45128015184406,-0.1944543648263064
90.70058682279846,-1.0253048327204937
93.45688905586361,0.1583919189857852
87.5652753550173,2.522956995273603
79.78427233484054,1.185110965268649
78.28449885194388,-0.43345645686735423
79.60537431920034,0.19728279195104648
75.04029293986,1.8066578259316302
73.53061996202672,-1.5344217151748083
83.17060670994292,-2.457196064623254
89.12232448719008,-0.5769991334482256
86.91544422310687,1.7628172054980595
78.50087352698695,1.8618121548641824
72.35399427813229,1.3336033893178296
70.3245978161269,-0.8174154390516506
82.462085715194,-4.674682930424268
99.84064907641577,-3.2357206307096362
102.54391830089193,2.027275141661839
87.88488762011363,4.621649921835278
71.23181581638923,3.365121171666779
62.90775478826121,0.6795296167202736
63.37232394350076,-0.5854844148224636
65.46041026834465,-0.4617407281148118
66.8710882968118,-0.2517300141024066
67.9543758855896,-0.3790092347159941
69.56375091957017,-0.25455844122715376
71.13706350771025,-0.7177133829043427
75.82164593307112,-1.7154410511585638
81.9204419208051,-1.0231835123769315
84.68664364880686,-0.8350931085813116
89.53386063384066,-1.1921820330805275
91.47840428210367,0.22203152929257186
86.71462589724989,2.1602112165248997
78.72219794949834,1.0012632021601462
84.24753033769002,-4.130917815691809
103.72407951869229,-4.572152447152206
111.44780688959294,0.8421641763931831
94.78483559093195,7.1912759646671915
69.74477025555393,3.518563343184262
67.96144695340146,-1.3081475451951121
71.76214590227916,-1.0203550852521914
79.66477128882,-2.6368011870446395
86.79523607030515,-0.5975052301026338
84.50915984672905,1.6008897526063492
74.82816090550402,2.9634845199528144
65.81042812503199,0.9178246019801364
68.9429111656884,-1.9502005025124944
74.17408713290646,-0.4780041840821099
74.63158522033416,-0.020506096654408168
75.7650773905762,-0.8018590898655447
83.31414938652378,-2.8072139213105913
93.79559320405198,-2.07535840278252
98.87403410653376,-0.30476302269140376
92.47259641645195,3.5284628381208663
80.0388307760677,1.7578674580297573
78.5821908068234,-0.31536962440920036
77.78386725086379,0.7488260812765475
74.69946747132806,0.5098239892354925
76.02317136570929,-0.8704484476406407
80.06145819306566,-1.443912047182934
87.90680793033042,-2.2563777387662753
95.47355759580765,-1.3152186130069765
94.37683497818732,2.1177848096537133
85.25445039409968,1.5004805896778564
82.88917821103067,0.3429467888754729
77.7096210388392,1.7932227970890864
74.53683291165517,-0.15344217151748296
75.21070567412595,-0.2913279938488529
79.11676353340044,-1.4156277759354694
78.73209744443494,1.9699994923857176
68.85876545872719,2.2238508268316934
66.47440139256615,-0.8379215357060588
69.20666199507097,-0.13647160876899989
69.17625640347995,-0.379009234715987
72.70471924160083,-0.9277240969167551
72.30732523057398,0.7594326829943512
71.86043374486408,-0.5232590180780505
72.08458659450022,0.7092281015301083
69.01574316415059,0.3415325753131029
72.28894045426313,-1.5895760441073605
76.1801490711327,-0.17182694782832186
76.69987255530481,-0.35921024484276387
77.58163471144444,0.2877924599429207
71.85831242452053,2.2266792539564406
67.24797621118424,-0.6088189386016154
76.46087046326377,-3.609073011176143
88.48946391802812,-1.6991775951912729
86.79170053639922,1.9883842686965707
81.63972052867405,0.328097546470552
78.61683903910154,1.6228100628231275
73.34889351926176,0.3203193718775026
74.58986592024415,-0.2955706345359772
74.82603958516046,-0.24041630560342497
77.25919401922337,-0.601747870789751
77.51658088757529,0.27223611075682896
78.31914708422201,-0.7297341981845165
80.37399939035012,-0.011313708498981612
78.92160206179295,0.20647518010647303
83.41385144267109,-2.5165930342429164
91.55901445515894,-0.8838834764831844
90.39794512045063,0.8881261171703088
86.83554115683279,0.9404520189781067
86.37592174906153,-0.8598418459228441
86.55764819182647,1.3116830791010443
78.52562226432848,1.8879751057680778
74.30631610098835,0.24253762594698003
75.99559420124302,-0.8711555544218257
79.4766808850244,-1.0924799769332125
87.39203419362661,-2.680641807478203
95.60366524354598,-1.0366185412194753
96.44582941993914,0.4065863991822667
93.14505496536036,1.2918840892278212
86.3667293609061,1.9579786771055439
81.78750584594204,-0.20435385976291087
86.25429938269744,-1.2091525958289893
85.92973737013283,0.9708576105691265
84.56148574853685,-0.3889087296525986
86.44097557293068,-0.47658997051973273
89.45749310147251,-1.1822825381439088
94.24389890332425,-0.6653874810965448
93.54810583063667,0.5084097756731225
96.18632123124368,-1.6956420612853336
103.35355556535055,-1.6602867222260116
106.26471418349556,0.550836182544316
101.06818644855562,1.5584633457351487
96.5165400980578,0.8944900782009881
92.80210817648486,1.0903586565896575
86.58876089019867,1.7486750698743307
83.66699567033587,-0.3740594872476848
87.29091792391692,-1.2968338366961234
93.01353310405966,-1.185818072049834
93.6994266818106,0.652659559035186
92.86009093254218,-0.4044650788386974
94.49421470386427,-0.11384419177103666
95.35971340403663,-0.6144757928511098
98.5409868125949,-0.5091168824543146
96.76190615112954,0.704278354061799
97.76529067363326,-0.9411591257592988
98.74251224523306,0.516895057047364
98.67109446033322,-0.5133595231414319
97.03131383476162,1.577555228827194
92.385622282366,-0.0035355339059250923
92.71018429493063,0.7028641404994289
86.03368206696724,1.738068468156527
84.9164533526925,-1.1935962466428975
89.48507026593879,-0.43487067042972427
87.03848080303332,1.0726809870599965
87.72720280790904,-1.2282444789210345
92.48249591138855,-1.2459221484506955
99.19081794450534,-1.8080720394940002
103.76155617809518,-0.7771103525240193
109.1794083355465,-1.8844395718621527
112.65695948542194,0.8124656915833484
101.3368870254065,4.181829503937244
89.75942769703917,1.4828029201481954
83.62527637024587,1.9487862889501244
78.90463149904447,-0.05798275605729941
83.30283567802479,-1.9021172413918137
93.500022569516,-2.7782225432819345
100.31794615371669,-0.4065863991822667
99.15192707154007,0.9065108934811548
93.3423377573114,1.5570491321727786
89.79124750219256,0.5062884553295675
86.99534728938096,0.7848885271170687
87.57305352961035,-1.4021927470929185
97.79640337200547,-3.0271241302596152
104.83989401940467,-0.2630437226013953
106.63240970971256,-1.1745043635508594
116.03551568593127,-3.1331901474375883
125.31982772291065,-0.9142890680742042
121.12809872403679,3.1049058761901307
105.37234542563814,3.7851425996915893
99.17455448853805,-0.309712770159706
98.53179442443948,1.1928891398617125
94.5408837514226,0.2849640328181806
95.21334230033099,-0.3280975464705662
98.61735434496305,-1.477853172679886
101.06818644855562,0.9715647173503257
93.81114955323807,1.4842171337105654
99.79044449495153,-4.0142451967960255
111.73630645631705,-0.7516545084013018
110.05056388996834,0.704985460842984
109.79105570127287,-0.33658282784479354
113.97500652555368,-1.7939299038702714
120.738482887603,-1.1398561312727082
119.624082600453,1.2982480502584934
118.24239595001448,-0.7792316728675814
118.33856247225586,1.6800857120992347
110.87787882395659,1.1405632380539004
112.70999249401095,-1.803122292025698
120.24633656789717,-1.3816866504385175
122.48432953035257,-0.21849599538663966
128.20058074946462,-2.2634488065781326
130.8147545195113,1.1483414126469427
123.05213627564538,2.2995112524186467
110.80504682549437,4.026266012076192
94.8032203672428,3.541190760182239
86.43319739833764,0.5112382027978697
88.63512791495256,-1.2282444789210345
91.88781910841067,-0.19586857838866933
87.27394736116844,2.3659792898501806
79.6336585904478,0.601747870789751
82.35036284376652,-1.3640089809088494
84.58482027231601,0.08980256121068919
85.81872160548653,-0.6887220048757001
86.64250100556886,0.4391133111168415
84.47097608054497,0.5260874452027906
81.56476720986826,0.7947880220536803
80.5161278533686,-0.2156675682618996
81.34909964160636,-0.18314065632731769
84.98292139012403,-1.7210979054080582
89.91357697533783,-0.1407142494561171
87.94569880329567,0.4497199128346523
87.21172196442403,0.24183051916580212
85.72750483071346,0.11808683245815388
89.79619724966088,-2.1078853147171017
95.7132667946299,0.028991378028649706
90.05004858410683,1.8667619023324917
87.38991287328304,-0.06081118318204659
85.20141738551068,1.185818072049841
81.14262446149989,0.5975052301026267
80.72260303347508,-0.0021213203435550554
78.09711555492945,1.0366185412194753
77.99599928521975,-1.2169307704220529
84.5530004671626,-1.7592816715921273
91.2082894916904,-1.6800857120992418
98.23834511024705,-1.7564532444673802
100.48482335407672,1.2339013331705289
90.88302037234459,2.5158859274617384
89.3846611030103,-1.7373613613753562
97.12394482309705,-1.151169839771704
91.25425143246753,4.338100102579467
68.24853230656319,5.49139126269473
66.44187448063157,-5.5656374747193205
97.66841704461069,-7.6381674503770824
110.00743037631595,0.981464212286923
106.30006952255488,-0.6286179284748314
114.13764108522658,-2.133341158839812
114.33138834327168,2.254963525203891
96.35602685872847,6.378103166302665
72.4006633256906,4.36143462635863
66.92694973252554,-1.3145115062257844
72.05559521647157,-0.567099638511614
68.73785019914429,1.8002938649009508
62.45874198220774,1.057831744655072
64.88553245523997,-2.964191626734003
85.64830887122058,-5.740999956453578
89.3952677047281,4.179001076812504
73.56102555361772,1.1985459941111998
84.89453304247571,-5.384618138735561
95.30597328866645,0.8365073221436958
84.12520086454475,3.451388198971543
78.60552533060256,-0.9439875528840389
86.14186940448879,-2.1092995282794647
91.28889966474566,-0.3917371567773458
88.26036132092368,1.8292852429296005
84.73189848280282,-0.6668016946589219
91.27970727659024,-1.3640089809088565
87.82407643693159,2.580939751330895
82.25561053508753,-0.30759144981615094
88.07368513069042,-2.0569736264716667
91.92529576781357,0.4963889603929559
85.7996297223945,1.8844395718621456
83.06029805207783,-0.4207285348059955
85.88518964291808,-1.0012632021601533
93.11747780089408,-2.626194585326836
101.81842674339455,-1.3286536418495274
104.72887825475837,-0.3570889244992017
104.78332547690974,0.3931513703397158
102.54321119411075,0.5600285706997425
101.13465448598716,0.14000714267493208
99.06212451032938,1.0161124445650813
94.93615644210587,0.8004448763031746
91.93236683562543,0.946108873227594
86.74644570240328,1.428355697996821
87.56598246179848,-2.2931472913879745
100.13126996348345,-2.696198156664302
100.54422032369638,2.301632572762209
89.34930576395097,3.0836926727545375
75.00847313470659,3.8056486963459975
69.36010416658846,-2.0025264043202995
89.37971135554199,-7.2959277682827945
113.23961547311967,-3.400476510726108
114.31795331442915,1.6829141392239961
111.75681255297147,-0.3648670990922511
111.20102662295884,0.8343860018001337
111.4661916659038,-2.044245704410308
127.5719628209898,-4.5947798641501905
131.33235668333987,2.694076836320747
117.4058886278708,3.382091734415255
108.8958585162907,0.4426488450227737
114.26845583974608,-2.5993245276417483
120.16996903552902,-0.04525483399593355
116.45341579361252,1.4651252506185273
110.625441703073,1.6037181797310893
98.48371116331879,4.507805730064241
83.74265609592283,1.7592816715921344
90.70482946348558,-4.8026692578190335
109.78681306058574,-3.422396820942893
110.59715743182554,2.371636144099682
105.05202605376063,-0.5303300858899149
111.89116284139692,-1.7974654377762036
115.06465807536213,-0.043840620433577726
115.61478715112528,-0.10748023074035729
113.18233982384356,1.101672365088639
112.86697019943435,-1.1950104602052676
117.23618300038603,-0.47446865017617057
117.09334743058636,0.17041273426595893
117.99137304269327,-0.7870098474606237
122.77353620385789,-1.202081528017132
122.7304026902055,1.013284017440327
120.23502285939817,0.14990663761155076
118.94879562441986,0.39385847712090793
123.15820229282338,-2.6516504294495533
130.5517107969099,-0.23193102422918344
126.32391935219553,1.8929248532363872
115.90682225175533,3.4259323548488183
100.33915935715228,4.220720376902506
84.81462997620164,2.664378351510912
85.89155360394875,-3.0695505371308016
97.67690232598494,-2.100107140124045
99.42133475517215,0.8888332239514938
95.68922516406954,0.5098239892354925
96.00105925457282,-0.41577878733770035
96.28319486026624,0.15202795795510582
98.60109088899574,-1.2480434687942576
99.73246173889424,1.4064353877800428
90.32087048130128,2.6056884886724276
83.89963380134625,0.7834743135546987
82.40763849304263,-0.03818376618407626
84.81604418976401,-1.1242997820866094
87.7017469637863,-0.18314065632731058
86.77260865330717,0.5395224740453344
85.55921341679107,-0.061518289963224504
84.05449018642611,1.2282444789210345
78.27035671632014,0.7587255762131662
81.23384123627295,-1.5556349186104015
84.910796498443,-0.35496760415564665
89.90862722786952,-2.305168106668141
99.29264132099621,-1.8080720394940002
101.20395095054343,0.7905453813665559
97.01151484488841,1.0373256480006674
92.3750156806482,1.5018948032402193
86.44733953396138,1.134906383804413
83.74689873660995,0.35779603128038673
84.20863946472477,-0.7459976541518074
88.34238570754133,-0.8845905832643766
90.3937024797635,-0.2983990616607244
91.73508404367438,-0.2552655480083388
91.54275099919164,0.09687362902256069
92.97322801753202,-0.44123463146040365
90.03449223492073,2.0675802281894704
82.87291475506338,1.1299566363361038
78.43864813024254,1.2480434687942576
76.54925881091208,-0.689429111656878
80.65825631638711,-0.7495331880577396
80.68088373338509,0.45961940777124966
81.94943329883375,-1.3138043994445994
88.01994501532026,-1.4304770183403832
93.4264834642726,-1.1716759364261193
93.6046743731316,1.2240018382339173
88.31339432951268,0.7240773439350221
88.60825785726746,-0.5777062402294106
89.97085262461394,-0.2658721497261496
94.7933208723062,-1.8596908345206131
98.41936444623082,0.46669047558312116
92.89968891228861,1.9982837636331752
85.72962615105703,1.2572358569496842
86.78675078893092,-1.7104913036902616
94.16682426417492,-1.4637110370561501
98.46532638700793,-1.0514677836243962
101.91812879954185,-0.15414927829867509
96.47411369118662,2.779636756844326
82.53703903399978,4.04111525448112
72.39642068500349,0.09899494936611575
86.62128780213327,-6.255773693157394
104.42906497953528,-1.3145115062257986
100.69978381555742,2.2436498167049166
93.68528454618686,1.3102688655386672
88.57855937245762,1.479974493023441
78.14732013639369,3.9421203051150044
63.83194335127203,2.2203152929257612
67.21969193993678,-3.4754298295318833
82.02933636510784,-3.1756165543087818
91.27900016980905,-1.6079608204182065
97.74124904307291,-1.720390798626866
104.02530700747776,-1.4990663761154792
110.12551720877411,-1.3979501064057942
111.74549884447248,0.7891311678041859
103.35426267213174,2.953585025016217
95.53436877898969,0.1301076477383205
100.49260152866975,-1.7253405460951754
101.35880733562328,1.2409724009823933
91.64528148246367,3.4478526650656036
79.65840732778932,1.858276620958243
77.47769001461002,-0.28991378028648285
79.24757828791994,-0.8746910883277579
84.27086486146918,-1.2056170619230642
87.33334433078812,-0.7071067811865461
94.19722985576594,-2.3794143186927386
96.73362187988207,1.6122034611053309
85.27354227719171,3.212386106930481
80.43056793284504,-1.1638977618330557
92.45138321301636,-3.6995826791680244
95.65174850466667,2.831255551870939
83.01221479095713,1.4714892116492067
92.8374635155442,-5.074198261794663
105.70892825348292,-0.962372329194892
107.64074397968457,-0.6300321420372015
108.93262806891241,0.16970562748478102
107.97661970074819,0.25738686835190094
104.9275752602718,1.137027704147961
101.23294232857208,1.0938941904955897
90.46441315788215,4.135160456378927
77.2839427565649,1.578262335608379
81.33071486529552,-3.6324075349552913
95.5131555755541,-2.455074744279692
97.19606971477808,0.8951971849821732
94.21915016598271,0.6208397538817891
93.0170686379656,-0.21778888860546175
91.54487231953519,1.7564532444673873
76.8943269201311,4.291431055021157
70.39884402815149,-1.6015968593875272
82.10641100425715,-3.313502376640166
94.04237347068607,-3.1848089424642154
108.90363669088376,-3.277439930799652
109.21829920851177,3.1862231560265855
97.43648602038152,1.5683628406717602
100.26137761122177,-1.9636355313550382
104.16389993659031,0.44830569927226804
98.70715690617374,1.755746137686188
95.41274641262561,-0.09475230867899853
94.2248070202322,1.030961686969988
91.03575543708088,0.08202438661764688
89.56355911865049,1.0776307345282987
83.83104444357116,1.290469875665444
81.01675945444867,0.2623366158202103
82.05832774313647,-0.7877169542418159
84.57633499094177,-0.2566797615707159
85.79680129526974,-0.7078138879677311
89.45607888791014,-0.8640844866099613
91.16657019160039,0.19162593770155922
86.55906240538886,1.8462558056780765
81.39011183491519,0.5437651147324516
82.5299679661879,-1.3272394282871574
93.05171687024372,-3.6182653993315625
103.12657428858967,-0.7969093423972353
102.34875682928445,0.3500178566873444
104.00409380404216,-0.7834743135546987
103.16192962764899,1.0344972208759131
101.9259069741349,-0.6272037149124685
104.02177147357182,-0.05161879502661293
106.78938741513596,-1.7218050121892432
111.77449022250113,0.2962777413171622
100.50532945073113,5.219862258719097
77.31364124137474,5.344313052207923
72.07115156565767,-2.8765103858668795
89.93408307199223,-4.307694510988448
97.70235817010766,0.42002142802480336
92.9003960190698,1.4276485912156431
93.90519475513588,-2.0704086553142105
102.98868846625828,-1.664529362913136
107.83802677163563,-1.112986073587635
112.18461215558932,-0.7148849557795955
111.93995320929878,0.6300321420372157
109.14476010326837,0.6279108216936464
107.70084805608545,0.13435028842544483
109.15678091854852,-0.7346839456528258
110.75767067115488,0.11101576464628238
109.03374433862207,0.6243752877877284
105.75347598069769,1.4043140674364878
92.84170615623133,4.672561610080706
82.72442233101421,-1.013991124221512
95.35688497691189,-4.127382281785877
103.23688294645477,0.5536646096690703
91.40627939042264,4.63154941677189
76.94665282193893,1.9820203076658913
74.38409784691888,-0.33304729393886134
77.84892107473296,-1.6270527035102447
91.35890323608314,-5.110260707635177
108.53876959179149,-2.5689189360507214
108.87252399251153,1.649680120508215
102.6358421824462,1.4545186489007165
93.01989706509033,3.593516661990037
80.29268211051365,2.095157392655743
79.24192143367046,-1.033083007313543
83.44425703426211,-0.7353910524340108
85.92832315657044,-0.7417550134646831
89.73326474613526,-0.859841845922837
91.40345096329787,-0.26162950903901816
93.9631775111932,-0.8244865068635221
93.84296935839147,0.7905453813665559
95.6962962318814,-1.9806060941035213
104.62705487826751,-1.491288201522437
103.22556923795578,2.1177848096537133
91.39567278870483,3.1572317779979358
85.54789970829208,-0.20576807332528801
85.55567788288513,1.1483414126469498
78.50935880836118,1.444619153964119
85.80316525630043,-5.308957713148601
111.24416013661123,-5.466642525353194
116.16279490654486,2.9521708114538328
102.03762984556238,3.1841018356830233
94.61159442954126,0.7417550134646831
93.18748137223155,0.31183409050326816
89.03888588701008,1.6701862171626303
83.58567839049942,0.6858935777509529
89.16475089406127,-3.801406055658873
111.18900580767868,-6.629126073623887
131.71490145196177,-2.631144332795145
123.49690644101172,6.04505587236379
97.76670488719563,5.202184589189429
89.73397185291645,-1.0500535700620262
94.10318465386813,-0.001414213562370037
89.25879609595908,1.477146065898694
88.24268365139403,-1.0931870837144047
100.15814002116852,-4.990052554833461
120.50796607693619,-4.0686924189474
124.1495660000469,2.972676908108241
97.3537545269827,9.672513659850786
66.48359378072158,4.453358507912871
64.33045363200853,-2.631144332795138
79.1818173572696,-3.938584771209065
89.44405807262996,-1.3130972926634144
92.73493303227215,-0.24253762594698713
89.59467181702271,1.527350647362944
85.38667936218155,0.45184123317820024
86.45511770855441,-1.1398561312727153
90.85402899431594,-0.22415284963614113
86.09378614336809,2.079601043469637
79.90518759442344,0.7007428201558668
85.1787899685127,-3.1077343033148708
96.10429684462605,-1.3095617587574893
91.20192553065972,3.5305841584644355
78.17277598051639,2.199809196271346
76.49198316163597,-0.7099352083112933
77.51658088757529,0.39527269068327797
76.88654874553806,-0.5529575028878781
82.18489985696887,-1.4219917369661488
84.43632784826684,0.10394469683442509
84.32389787005818,-0.2884995667241057
86.10297853152352,-0.3068843430349588
86.45511770855441,-0.3125411972844532
92.1812684226031,-2.299511252418661
98.13581462697502,-0.3684026329981904
94.97292599472758,1.7762522343406104
87.6805337603507,1.3003693706020627
88.2115709530218,-1.3972429996246163
91.08383869820156,0.2955706345359701
88.79422694071953,0.20223253941935582
89.95600338220902,-0.19728279195104648
89.34506312326384,0.11384419177103666
91.23020980190718,-0.8520636713297876
94.16611715739373,-0.5352798333582243
94.28915373732019,0.5635641046056818
92.95342902765879,-0.1725340546095211
93.04464580243186,0.446184378928713
90.96150922505629,0.24678026663410435
88.69381777779103,1.3647160876900344
81.4940565317496,1.508965871052098
79.5184001851144,-0.014142135623728791
79.35788694578505,-0.24253762594698713
82.90190613309201,-1.3456242045980034
86.41410551524561,-0.4186072144624333
88.61957156576645,-0.9892423868799796
93.03191788037051,-0.7021570337182368
89.9991368958614,2.011011685694548
84.29702781237307,0.29415642097360006
85.47789613695461,-0.13859292911256205
81.66659058635912,1.801708078463328
75.72406519726738,1.0677312395916871
74.72775174257553,-0.8647915933911463
83.42799357829482,-3.092177954128772
93.93913588063285,-2.098692926561675
100.83837674466999,-1.3173399333505387
101.19405145560683,1.615031888230078
87.90044396929972,4.590537223463066
77.67992255402936,-0.0014142135623771424
81.14615999540584,-0.4893178925810915
78.74341115293393,1.0903586565896575
77.77962461017668,-0.48153971798803497
78.05398204127707,0.721956023591467
73.01726043888527,1.2303657992645896
69.84871495238835,0.39103004999616786
71.56203468320336,-1.3010764773832477
78.40965675221389,-1.873832970144349
88.00014602544704,-2.888531201147046
93.85781860079639,0.39103004999617497
88.0178236949767,1.7776664479029805
84.94898026462708,-0.42992092296141493
89.6208347679266,-1.5421998897678648
94.05085875206032,-0.46244783489600394
90.93605338093357,1.8844395718621527
83.99367900324405,1.0698525599352422
84.41935728551836,-1.354109485972245
92.12540698688935,-1.7302902935634847
93.32041744709463,0.7092281015301083
94.68937617547178,-1.652508547632955
99.94954352071849,-0.48083261120685705
99.73811859314372,0.14495689014324142
99.40224287208011,0.2489015869776665
97.7051865972324,0.6180113267570491
92.70523454746231,1.8264568158048462
87.15373920836673,0.618011326757042
83.83528708425827,1.7062486630031373
73.55112605868112,2.976212442014173
66.16115308850051,0.5091168824543075
69.38343869036761,-1.8264568158048462
74.9766533295532,-0.7771103525240193
79.12029906730638,-1.4219917369661417
83.4343575393255,-0.5190163773909191
86.40491312709017,-1.3526952724098678
92.83746351554421,-1.46088260993141
93.72417541915215,1.0253048327205008
88.89958585111631,0.8209509729575828
88.57219541142695,-0.46244783489600394
89.18596409749688,0.39456558390210006
83.85579318091268,2.0209111806311526
76.45592071579546,1.5011876964590414
72.08317238093784,0.7926667017101252
68.18489269625641,1.1356134905855981
65.09059342178408,0.19657568516986146
67.50677729309851,-1.528057754144129
78.7766451716497,-4.03970104091875
94.89938688948418,-3.330472939388642
101.51649214782789,-0.223445742854949
103.67175361688449,-0.9305525240415022
105.8475211825955,-0.2948635277547922
110.06682734593562,-1.7154410511585638
110.99384433607118,1.9183806973590976
100.10722833292311,2.967727160639946
90.47996950706825,1.7748380207782333
85.331525033249,1.0415682886877917
79.41233416793641,1.7946370106514564
75.46172858144718,0.2411234123846171
73.86861700343388,0.6943788591251874
73.12686198996919,-0.7544829355260418
78.31631865709727,-1.3420886706920712
80.92412846611325,-0.16404877323527245
80.29904607154434,0.3775950211536099
80.89937972877172,-0.7954951288348653
85.70699873405906,-1.2954196231337605
91.05696864051647,-1.7677669529663689
100.27127710615838,-2.5165930342429235
105.27547179661559,0.42992092296142204
99.93610849187596,1.372494262283091
98.91080365915546,-0.6144757928511098
99.81377901873068,0.22203152929257897
100.81292090054728,-0.8676200205158935
104.57119344255378,-0.5727564927611084
102.00156739972186,1.9346441533263956
91.65376676383792,2.955706345359772
80.19439426792874,2.8213560569343272
71.73456873781288,1.0281332598452408
71.96367133491732,-1.0507606768432112
76.48844762773004,-1.0585388514362606
79.4858732731798,-0.5487148622007609
84.12873639845068,-1.8837324650809677
90.44461416800893,-0.8867119036079316
88.57926647923881,1.6362450916656712
78.97039242969481,2.696198156664302
74.73694413073096,-1.132785063460858
84.30904862765325,-2.9422713165172283
94.6617990110055,-2.472045307028168
103.08131945459371,-1.3116830791010372
102.68958229781637,1.3668374080335894
98.90302548456239,0.29698484809835435
97.2370819080869,1.015405337783882
92.2647070227831,0.8499423509862254
91.43527076845129,-0.08131727983646186
94.12227653696016,-1.7062486630031373
105.24435909824336,-3.145210962717769
109.94166944566561,1.2112739161725514
99.62427440137269,3.1338972542187804
90.8193807620378,1.4693678913056374
84.92847416797267,1.5068445507085357
79.65840732778933,1.0804591616530388
77.42253568567747,-0.05939696961966234
78.18621100935894,0.11596551211459882
76.18297749825746,0.6752869760331563
73.94003478833372,0.4405275246792115
74.93564113624439,-1.22117341110917
84.37127402439768,-3.233599310366081
97.12465192987824,-2.971969801327056
108.03106692289956,-2.5858894987992045
114.3625010416439,-0.11242997820865952
111.11688091599765,1.2452150416695034
105.31294845601846,1.9834345212282685
95.81509017112076,2.0018192975391145
93.98934046209709,-1.1264211024301716
99.80953637804356,-1.1087434329005035
96.75059244263056,2.1354624791833743
93.8620612414835,-0.9213601358860828
96.70463050185343,0.12515790027001117
90.95302394368204,2.9776266555765503
71.1342350805855,6.009700533304468
57.55283513433548,-0.16122034611053238
69.56587223991374,-5.219155151937905
89.89872773293291,-4.576395087839337
103.48295610630768,-2.028689355224202
104.32653449626324,2.1411193334328686
85.61153931859887,6.769133216298812
61.80891085029731,4.253247288837084
54.71804404855861,-0.4207285348059955
60.564402915408984,-1.9721208127292797
62.05074136946311,1.5775552288271832
52.99977457027531,1.5761410152648132
58.883610096528564,-4.44345901297627
78.2618714349459,-4.479521458816784
89.91923382958731,-1.5068445507085286
91.55335760090944,0.4440630585851508
89.74882109532136,0.3747665940288698
86.9925188622562,1.200667314454762
80.75654415897205,1.3314820689742746
80.5429979110537,-1.1250068888677944
83.55315147856484,0.14707821048680358
78.56804867119968,1.786151729277222
73.9831683019861,0.48507525189397427
69.53758796866627,2.322845776197809
57.590311793738366,3.021467276010121
52.868252708974595,-0.8987327188881018
62.67511665725083,-3.249862766333372
70.5084455792354,-0.44830569927227515
71.34212447425435,-0.6045762979144982
75.62507024790126,-0.9588367952889598
76.16317850838422,0.3896158364337907
79.86063986720868,-2.4183051916579927
89.27647376548876,-1.3859292911256347
88.39966135681743,1.1129860735876278
87.72013174009716,-0.7459976541518074
90.47431265281875,-0.4072935059634588
90.61573400905607,0.2927422074112229
88.74755789316121,0.6759940828143414
84.8061446948274,1.2756206332605302
79.21717269632893,1.5330075016124383
71.59951134260625,2.146069080901171
65.95750633551879,0.3818376618407342
68.91886953512804,-1.5627059864222659
74.39046180794955,-1.0295474734076109
75.07706249248169,0.7643824304626605
71.82224997868002,0.47093311627023837
73.09150665090985,-0.8761053018901279
77.24363767003726,-1.2155165568596757
79.86841804180173,0.13081475451950553
79.19949502679927,-0.30476302269141087
84.29985623949784,-1.7126126240338166
87.28526106966743,0.4384062043356636
84.18459783416442,0.7346839456528187
83.11474527422918,-0.07353910524339824
82.99312290786509,0.1046518036156101
85.07838080558422,-1.3173399333505387
89.32809256051537,-0.31890515831513255
89.01979400391804,-0.11808683245815388
89.22273365011858,0.43840620433565647
86.83341983648923,0.4617407281148189
83.6811378059596,1.444619153964119
77.45576970439323,1.099551044745084
77.5102169265446,-1.1440987719598326
83.12747319629052,-1.3477455249415584
85.47648192339224,0.13576450198782197
82.8403878431288,1.0253048327204937
79.22990061839027,0.736805265996388
77.86023478323195,-0.37264527368530764
83.8968053742215,-2.149604614807103
88.24621918529995,0.5607356774809347
80.26722626639095,3.123290652500984
66.78199284238231,3.3318871529510155
58.605717131522255,-0.12657211383239186
73.30858843273413,-6.907019038630189
100.71604727152472,-5.825145663414773
111.9654090534215,0.3061772362537809
99.92974453084528,5.041671349860081
83.19181991337851,2.786707824656183
78.53764307960864,-0.10535891039679512
79.6810347447873,-0.13859292911256915
78.37854405384168,0.6590235200658583
74.84442436147131,1.4495689014324213
64.80775070930946,2.894895162177722
59.71587477798513,-0.7827672067735136
66.47086585866023,-2.250013777735596
80.65259946213762,-5.127938377164838
104.11440246190726,-5.624327337557801
116.05743599614806,0.011313708498981612
109.18223676267127,2.853175862087717
96.60492844570614,3.384213054758817
85.82155003261127,1.5584633457351558
83.83457997747708,-0.2050609665440959
83.71507893145655,-0.07000357133746604
88.4640080739054,-2.131926945277449
93.53962054926244,0.46598336880192903
83.64790378724383,4.09273404950774
69.2208041306947,2.4119412306273205
67.31373714183458,-1.376029796189016
77.93660231560008,-3.5701821382108747
88.23561258358215,-1.460882609931403
93.77225868027281,-1.64755880016466
98.62442541277491,-0.3775950211536099
97.44143576784981,1.083994695558978
88.84867416287089,2.6042742751100576
86.42188368983867,-1.738775574937712
94.62715077872735,-1.458761289587848
92.65008021852977,2.216779759019829
82.93584725858898,1.9862629483530156
80.51895628049336,-0.7969093423972424
84.73896955061468,-0.8959042917633511
83.82609469610284,1.2756206332605302
74.99503810586404,3.1020774490653835
61.906491586101055,2.765494621220583
60.983010129871424,-2.5151788206805463
77.16090617663843,-4.49295648765932
88.9695894224538,-0.9390378054157367
86.57532586135613,1.545735423673797
82.9506965009939,0.27294321753799977
81.69558196438777,0.4150716805565082
80.06711504731516,0.4002224381515873
80.0862069304072,-0.6851864709697608
89.3790042487608,-3.674833941826499
102.95333312719896,-2.4451752493430874
106.60978229271458,0.3641599923110732
104.57260765611613,0.6038691911333061
99.5083088892581,2.3589082220383304
87.67770533322596,2.665085458292097
84.95958686634486,-1.2819845942912096
91.75700435389116,-1.5938186847944706
95.99823082744808,-0.35496760415565376
93.06868743299219,1.737361361375342
86.96777012491467,0.9722718241315036
87.27394736116845,-0.9659078631008242
91.50739566013232,-0.7516545084012947
92.15722679204275,0.2375878784786778
90.41915832388621,0.7141778489984176
85.35556666380936,1.6638222561319438
81.30950166185991,0.20576807332528801
81.23808387696008,0.022627416997977434
83.15929300144393,-1.1080363261193185
86.67361370394107,-0.1152584053334067
81.4106179315696,2.5823539648932723
73.69537584204318,0.5946768029778866
77.6728514862175,-1.7437253224060285
79.90094495373631,0.8520636713297876
75.03392897882931,1.0974297244015219
74.91442793280879,-0.8761053018901279
79.95044242841936,-1.3258252147247802
82.55047406284231,0.09475230867899853
80.52178470761811,0.6286179284748385
78.5355217592651,0.5939696961967087
74.4350095351643,1.2904698756654511
72.40349175281534,-0.3889087296526057
75.61163521905871,-1.0429825022501618
81.18858640227702,-1.8766613972690962
88.61320760473578,-1.493409521865992
90.40360197470011,0.3054701294725888
90.2041978624055,0.05515432893255223
84.22985266816036,3.0299525573843553
74.98938125161456,0.8690342340782706
75.6752748293655,-0.514066629922624
75.923469309562,0.20081832585697867
78.36935166568625,-1.6044252865122743
84.86695587800943,-1.2331942263893438
85.85478405132704,0.4532554467405845
83.61113423462214,0.7947880220536732
78.56239181695018,1.5174511524263323
76.92473251172214,-1.030961686969981
85.85054141063992,-2.8602469298995814
93.21859407060376,-0.3344615075012314
90.63199746502336,1.1532911601152591
84.91857467303606,1.8589837277394352
73.84811090677947,3.8021131624400653
56.47237597268244,4.164858941188765
55.25403098869801,-3.7370593385709086
70.15913482932925,-1.5598775592975258
65.49364428706042,2.52719963596072
61.880328635197145,-0.6293250352560271
65.9454855202386,-1.082580481996608
70.21075362435587,-1.2084454890478113
77.25919401922337,-2.3624437559442555
85.69002817131057,-1.342088670692064
83.4711270919472,2.167989391117956
75.0975685891361,1.3534023791910457
76.10448864554574,-1.5683628406717673
80.73886648944237,-0.48790367901871434
81.63972052867403,-0.15697770542341516
79.44839661377692,1.5195724727698945
71.88659669576799,1.8575695141770652
68.30015110158982,-0.1873832970144349
70.8874548139514,-0.6448813844421295
72.011754596038,-0.14849242404918073
74.82108983769216,-1.1547053736776292
77.951451558005,-0.22485995641732615
81.87165155290323,-2.479116374840032
93.62164493588008,-2.39072802719172
94.2410704761995,1.3880506114691968
91.02090619467597,-0.04737615433949571
89.79619724966085,1.099551044745077
84.39672986852038,0.9694433970067564
84.66755176571483,-0.7071067811865532
85.57194133885243,0.4546696603029545
79.42576919677896,2.4529534239361297
74.10761909547493,-0.38749451609022856
78.97817060428787,-0.9065108934811548
77.88569062735465,0.8732768747653878
78.09570134136706,-0.8244865068635079
80.22833539342568,-0.05091168824542791
79.45051793412048,0.2814284989122484
78.83038528701988,0.09404520189781351
78.42238467427524,-0.11313708498985164
80.6900761215405,-0.8124656915833413
81.60365808283353,0.48012550442566493
79.80548553827613,0.20223253941935582
81.38445498066568,-0.9595439020701448
85.06211734961693,-0.704278354061799
86.35188011850119,-0.028284271247457582
87.80993430130786,-0.5826559876977129
87.49385757011746,1.1278353159925487
80.6271436180149,1.6800857120992418
80.25237702398603,-1.4523973285571685
86.96282037744638,-1.4651252506185202
93.07010164655458,-1.7656456326228067
98.29774207986671,-0.6180113267570491
99.69074243880422,-0.24324473272817926
100.27834817397024,-0.17748380207783043
102.49442082620888,-0.5465935418572059
100.79241480389287,1.206324168704242
95.3498139091,1.4856313472729425
89.42991593700623,1.304612011289187
85.92125208875858,0.6668016946589148
82.4352156575089,0.9072180002623469
81.71396674069862,-0.7530687219636718
85.24455089916306,-0.5769991334482256
86.25571359625982,0.1909188309203671
79.84791194514733,2.8255986976214444
71.55637782895387,0.4864894654563443
72.47137400380926,-0.26021529547665523
71.60304687651218,0.31536962440920036
72.75987357053339,-0.7919595949289331
76.39510953261342,-1.0613672785610149
80.85624621511934,-0.9531799410394655
80.81311270146696,1.0599530649986377
74.47885015559787,1.5238151134570046
71.88164694829968,-0.17111984104714395
73.14453965949886,-0.22485995641732615
70.0714535884621,2.029396462005387
57.91558091308418,3.711603494448184
44.99674002080596,2.242235603142543
46.835924758672164,-3.0490444404763934
61.63213415500068,-3.416032859912214
71.00129900572243,-1.187232285612211
72.83129135543322,-0.2382949852598628
79.61880934804287,-3.091470847347587
90.32087048130128,-1.5902831508885455
94.1781379726739,-0.5642712113868669
91.54133678562926,2.3087036405740733
76.83634416407381,4.210820881965894
65.42788335641006,1.2438008281071333
67.5180910015975,-2.2973899320750917
80.0487302710043,-3.2371348442720134
87.62537943141817,-0.5197234841721112
91.24788747143684,-1.5556349186104086
98.57139240418593,-1.8137288937434946
102.92009910848319,-0.2807213921310634
97.56517945455747,3.387041481883564
81.65598398464132,3.679076582513609
74.8076548088496,0.38749451609023566
69.78153980817564,2.3079965337928954
63.35606048753347,0.28072139213105984
68.17923584200692,-2.268398554046442
76.27631559337408,-1.5082587642709058
79.97519116576089,-0.2517300141024137
78.36581613178032,1.015405337783882
