reshape,rigin
71.571,71.571
72.314,72.314
73.28200000000001,73.282
73.54500000000002,73.545
72.78400000000002,72.784
71.59800000000001,71.598
71.276,71.276
72.533,72.533
75.249,75.249
78.399,78.399
80.94800000000001,80.948
82.07400000000001,82.074
81.86500000000001,81.865
80.531,80.531
78.41200000000002,78.412
75.83200000000001,75.832
72.866,72.866
69.99500000000002,69.995
67.319,67.319
64.449,64.449
61.59100000000001,61.591
59.759,59.759
59.739000000000004,59.739
60.535,60.535
61.35600000000001,61.356
62.435,62.435
63.516000000000005,63.516
63.80800000000001,63.808
63.81600000000002,63.816
64.99300000000001,64.993
68.23600000000002,68.236
72.50600000000003,72.506
75.19200000000001,75.192
74.85400000000001,74.854
73.10700000000003,73.107
72.14000000000001,72.14
73.16700000000002,73.167
74.42200000000001,74.422
74.72800000000001,74.728
74.501,74.501
73.75500000000001,73.755
72.41700000000002,72.417
70.67400000000002,70.674
68.52,68.52
65.501,65.501
62.236000000000004,62.236
60.25200000000001,60.252
60.25800000000001,60.258
60.61400000000001,60.614
60.728000000000016,60.728
62.05300000000001,62.053
64.69700000000002,64.697
66.98400000000002,66.984
67.69600000000001,67.696
67.83700000000002,67.837
68.69200000000001,68.692
70.34400000000001,70.344
71.70200000000001,71.702
71.84800000000001,71.848
70.69,70.69
68.863,68.863
67.833,67.833
68.37300000000003,68.373
70.06500000000001,70.065
71.40100000000001,71.401
71.79000000000002,71.79
71.566,71.566
71.56300000000002,71.563
72.11200000000001,72.112
72.43900000000001,72.439
71.48700000000001,71.487
69.711,69.711
68.00800000000001,68.008
66.475,66.475
64.823,64.823
63.38600000000001,63.386
62.993,62.993
64.196,64.196
66.55100000000002,66.551
68.98600000000002,68.986
70.62,70.62
71.398,71.398
73.02500000000002,73.025
76.241,76.241
79.76300000000003,79.763
82.32400000000001,82.324
82.73600000000002,82.736
81.31700000000001,81.317
78.935,78.935
77.13300000000001,77.133
76.36500000000001,76.365
76.02200000000002,76.022
75.58600000000001,75.586
75.21000000000001,75.21
75.27100000000002,75.271
75.30500000000004,75.305
74.56200000000001,74.562
73.09800000000001,73.098
71.61600000000001,71.616
70.25,70.25
68.911,68.911
67.826,67.826
67.82300000000001,67.823
69.25200000000001,69.252
70.78600000000002,70.786
71.217,71.217
71.117,71.117
71.70100000000001,71.701
73.404,73.404
75.36600000000001,75.366
76.85800000000002,76.858
77.36400000000002,77.364
76.596,76.596
74.19800000000001,74.198
70.648,70.648
66.95500000000001,66.955
63.974000000000004,63.974
62.87100000000001,62.871
63.65200000000001,63.652
65.04700000000001,65.047
65.222,65.222
63.756000000000014,63.756
61.47500000000001,61.475
60.232,60.232
60.875,60.875
63.045000000000016,63.045
65.25500000000001,65.255
66.855,66.855
68.05100000000002,68.051
68.86200000000002,68.862
68.82400000000001,68.824
68.525,68.525
69.12800000000001,69.128
71.006,71.006
72.67800000000001,72.678
72.87600000000002,72.876
72.03100000000002,72.031
72.10200000000002,72.102
73.126,73.126
73.143,73.143
72.06500000000001,72.065
71.91700000000002,71.917
73.733,73.733
75.05000000000001,75.05
73.97600000000003,73.976
71.62200000000001,71.622
69.58200000000001,69.582
68.34600000000002,68.346
67.60900000000001,67.609
67.332,67.332
67.99900000000001,67.999
69.24500000000002,69.245
70.734,70.734
71.466,71.466
70.496,70.496
67.373,67.373
63.11,63.11
59.248000000000005,59.248
56.68900000000001,56.689
54.870000000000005,54.87
54.19400000000002,54.194
56.369000000000014,56.369
60.927000000000014,60.927
66.15600000000002,66.156
70.558,70.558
73.84400000000001,73.844
75.949,75.949
76.93000000000002,76.93
76.85400000000001,76.854
76.05700000000002,76.057
75.554,75.554
75.862,75.862
76.94300000000001,76.943
77.56800000000001,77.568
77.019,77.019
75.40200000000002,75.402
73.57400000000001,73.574
72.22800000000001,72.228
71.88100000000001,71.881
72.413,72.413
73.54100000000001,73.541
73.97400000000003,73.974
72.43800000000002,72.438
68.91,68.91
65.729,65.729
64.70900000000002,64.709
65.883,65.883
67.307,67.307
68.48200000000001,68.482
70.95800000000001,70.958
75.514,75.514
80.14200000000001,80.142
80.76600000000002,80.766
76.98400000000001,76.984
71.311,71.311
67.475,67.475
66.50600000000001,66.506
67.65400000000001,67.654
68.93700000000001,68.937
69.394,69.394
69.14100000000002,69.141
68.707,68.707
67.77800000000003,67.778
66.39900000000002,66.399
65.143,65.143
63.897999999999996,63.898
62.20700000000001,62.207
60.68000000000001,60.68
60.949000000000005,60.949
62.91200000000001,62.912
64.96900000000001,64.969
66.95300000000002,66.953
69.73900000000002,69.739
73.22500000000001,73.225
75.36300000000001,75.363
75.00700000000002,75.007
72.93600000000002,72.936
70.806,70.806
69.151,69.151
67.8,67.8
66.91300000000001,66.913
67.01500000000001,67.015
68.5,68.5
70.73400000000001,70.734
72.52200000000002,72.522
72.838,72.838
72.77800000000002,72.778
73.65100000000001,73.651
75.263,75.263
75.685,75.685
73.83100000000002,73.831
70.46100000000001,70.461
66.958,66.958
63.709,63.709
60.39200000000001,60.392
57.55800000000001,57.558
56.845000000000006,56.845
58.09000000000001,58.09
60.178000000000004,60.178
62.50300000000001,62.503
65.61,65.61
69.599,69.599
71.77400000000002,71.774
70.407,70.407
67.18700000000001,67.187
66.25800000000001,66.258
68.51700000000001,68.517
72.115,72.115
75.20000000000003,75.2
77.34600000000002,77.346
77.15,77.15
73.80100000000002,73.801
68.44600000000001,68.446
63.55200000000001,63.552
60.048000000000016,60.048
57.71000000000001,57.71
56.984,56.984
57.87200000000001,57.872
59.918,59.918
62.44100000000001,62.441
65.20500000000001,65.205
68.041,68.041
70.106,70.106
70.94300000000001,70.943
70.98800000000001,70.988
70.64100000000003,70.641
69.81900000000002,69.819
68.327,68.327
66.70100000000001,66.701
65.83,65.83
66.21500000000002,66.215
67.509,67.509
68.399,68.399
68.049,68.049
67.28500000000001,67.285
66.84600000000002,66.846
66.65,66.65
67.05100000000002,67.051
68.62900000000002,68.629
69.81200000000001,69.812
68.21400000000001,68.214
63.17600000000001,63.176
57.418,57.418
53.37,53.37
51.241,51.241
49.833,49.833
48.326,48.326
47.356,47.356
47.964,47.964
49.848,49.848
50.978000000000016,50.978
51.22100000000001,51.221
53.217000000000006,53.217
58.13100000000001,58.131
64.204,64.204
68.46300000000001,68.463
71.12200000000001,71.122
73.92600000000002,73.926
77.382,77.382
79.775,79.775
79.537,79.537
77.582,77.582
75.46900000000001,75.469
74.40000000000002,74.4
74.01000000000002,74.01
73.34,73.34
71.36500000000001,71.365
68.40100000000001,68.401
65.73400000000002,65.734
64.65600000000002,64.656
64.958,64.958
65.84800000000001,65.848
67.01600000000002,67.016
68.237,68.237
68.866,68.866
68.61,68.61
67.631,67.631
66.52100000000002,66.521
64.71900000000001,64.719
61.871000000000016,61.871
59.099,59.099
58.132,58.132
60.03300000000001,60.033
63.22400000000001,63.224
65.48400000000001,65.484
65.85900000000001,65.859
65.21300000000001,65.213
64.40600000000002,64.406
63.195000000000014,63.195
61.37500000000001,61.375
59.81000000000002,59.81
60.18600000000001,60.186
62.448000000000015,62.448
65.28500000000001,65.285
67.62800000000001,67.628
69.362,69.362
70.087,70.087
68.76900000000002,68.769
65.19200000000001,65.192
61.588000000000015,61.588
60.413,60.413
61.38600000000001,61.386
62.44600000000001,62.446
62.33100000000002,62.331
62.26,62.26
63.778,63.778
66.292,66.292
68.47800000000001,68.478
69.15200000000002,69.152
68.356,68.356
67.24900000000002,67.249
67.00300000000001,67.003
67.827,67.827
69.61100000000002,69.611
72.66700000000002,72.667
76.72400000000003,76.724
80.07800000000002,80.078
81.73100000000001,81.731
81.76700000000001,81.767
80.54800000000002,80.548
78.43200000000002,78.432
75.94800000000001,75.948
73.93400000000001,73.934
72.21,72.21
70.546,70.546
69.079,69.079
68.35800000000002,68.358
68.31100000000002,68.311
68.091,68.091
67.045,67.045
65.30500000000002,65.305
63.74500000000001,63.745
62.94500000000001,62.945
62.391000000000005,62.391
61.22700000000001,61.227
59.01800000000001,59.018
57.172000000000004,57.172
56.79,56.79
57.648,57.648
58.26200000000001,58.262
58.36000000000001,58.36
58.261,58.261
58.51300000000001,58.513
60.071000000000005,60.071
63.554,63.554
67.489,67.489
69.87000000000002,69.87
70.415,70.415
70.25200000000001,70.252
69.189,69.189
66.83100000000002,66.831
63.93700000000001,63.937
61.409000000000006,61.409
59.839,59.839
59.51900000000001,59.519
60.443000000000005,60.443
61.726000000000006,61.726
62.324000000000005,62.324
62.25600000000001,62.256
62.550000000000004,62.55
63.613000000000014,63.613
65.026,65.026
65.82000000000001,65.82
65.28600000000002,65.286
64.042,64.042
62.597,62.597
61.33300000000001,61.333
60.66300000000001,60.663
60.62700000000001,60.627
60.79600000000001,60.796
60.85700000000001,60.857
60.84400000000001,60.844
61.152,61.152
62.99600000000001,62.996
67.17800000000001,67.178
72.03000000000002,72.03
75.238,75.238
74.21700000000001,74.217
69.90600000000002,69.906
64.073,64.073
58.76800000000001,58.768
55.264,55.264
54.07800000000001,54.078
55.02900000000002,55.029
57.089000000000006,57.089
58.964000000000006,58.964
59.955,59.955
60.409000000000006,60.409
61.294,61.294
63.379000000000005,63.379
66.35000000000001,66.35
68.57900000000002,68.579
69.813,69.813
70.43900000000001,70.439
70.41900000000001,70.419
69.90200000000002,69.902
69.31200000000001,69.312
69.25300000000001,69.253
69.46200000000003,69.462
69.29200000000002,69.292
69.00900000000001,69.009
69.25900000000001,69.259
70.48100000000001,70.481
71.54,71.54
71.15700000000002,71.157
69.05300000000001,69.053
66.286,66.286
64.35,64.35
64.634,64.634
67.484,67.484
71.04400000000001,71.044
71.86600000000001,71.866
69.79700000000001,69.797
66.25600000000001,66.256
62.792,62.792
60.51400000000001,60.514
60.33200000000001,60.332
61.283,61.283
61.65800000000001,61.658
61.303000000000004,61.303
61.470000000000006,61.47
62.059000000000005,62.059
62.40700000000001,62.407
62.682000000000016,62.682
63.410000000000004,63.41
64.86,64.86
66.196,66.196
65.97200000000001,65.972
63.702000000000005,63.702
60.13400000000001,60.134
57.254000000000005,57.254
55.57800000000002,55.578
55.049000000000014,55.049
55.66200000000001,55.662
56.429,56.429
56.150000000000006,56.15
54.33900000000001,54.339
51.784000000000006,51.784
50.90900000000001,50.909
53.079000000000015,53.079
57.07300000000001,57.073
60.548000000000016,60.548
62.61100000000001,62.611
63.427000000000014,63.427
62.70500000000001,62.705
60.21200000000002,60.212
56.82500000000001,56.825
54.192,54.192
52.105000000000004,52.105
50.21900000000001,50.219
49.149,49.149
50.30500000000001,50.305
55.004000000000005,55.004
61.61500000000001,61.615
68.31000000000002,68.31
72.88600000000001,72.886
73.94300000000001,73.943
71.076,71.076
65.41200000000002,65.412
58.87600000000001,58.876
52.748,52.748
47.989,47.989
44.96300000000001,44.963
44.00200000000001,44.002
44.397,44.397
45.225,45.225
45.96100000000001,45.961
46.614000000000004,46.614
47.10700000000001,47.107
47.46300000000001,47.463
47.78300000000001,47.783
48.31900000000001,48.319
49.009,49.009
49.369,49.369
49.79400000000001,49.794
50.80900000000001,50.809
52.40100000000001,52.401
54.82700000000001,54.827
57.20300000000001,57.203
58.65000000000001,58.65
59.29200000000001,59.292
60.473000000000006,60.473
62.46700000000001,62.467
64.15300000000002,64.153
64.84200000000001,64.842
64.52800000000002,64.528
62.844,62.844
59.78900000000001,59.789
56.373000000000005,56.373
54.95700000000001,54.957
56.65100000000001,56.651
62.49300000000001,62.493
70.11100000000002,70.111
76.577,76.577
79.40100000000001,79.401
78.21000000000001,78.21
72.10800000000002,72.108
61.93800000000001,61.938
51.80500000000001,51.805
46.82900000000001,46.829
47.131000000000014,47.131
48.98100000000001,48.981
50.022000000000006,50.022
51.46500000000002,51.465
54.467000000000006,54.467
58.196000000000005,58.196
60.95100000000001,60.951
61.79600000000001,61.796
60.88900000000002,60.889
58.62500000000001,58.625
55.007,55.007
50.81600000000001,50.816
47.18400000000001,47.184
45.88600000000001,45.886
47.371000000000016,47.371
50.12900000000001,50.129
52.111000000000004,52.111
52.787000000000006,52.787
52.758,52.758
52.787,52.787
53.007000000000005,53.007
54.141000000000005,54.141
56.92700000000001,56.927
60.897000000000006,60.897
64.85600000000001,64.856
67.79100000000001,67.791
69.699,69.699
70.13000000000001,70.13
67.883,67.883
62.89300000000001,62.893
57.83900000000001,57.839
55.35300000000001,55.353
55.34300000000001,55.343
55.78900000000001,55.789
55.531000000000006,55.531
54.47200000000001,54.472
53.181,53.181
52.46000000000001,52.46
53.14100000000001,53.141
54.37200000000001,54.372
55.59100000000001,55.591
57.63300000000001,57.633
60.564000000000014,60.564
63.75500000000002,63.755
66.58000000000001,66.58
68.44,68.44
68.23200000000001,68.232
65.23700000000001,65.237
61.34500000000001,61.345
59.22300000000001,59.223
58.854000000000006,58.854
58.36900000000001,58.369
56.217000000000006,56.217
53.681000000000004,53.681
52.59700000000001,52.597
52.81400000000001,52.814
52.97600000000001,52.976
53.388000000000005,53.388
54.94300000000002,54.943
56.945000000000014,56.945
57.065,57.065
54.278999999999996,54.279
50.263000000000005,50.263
47.11800000000001,47.118
46.412000000000006,46.412
47.59700000000001,47.597
48.84000000000001,48.84
49.03300000000001,49.033
48.64700000000001,48.647
49.183000000000014,49.183
50.754000000000005,50.754
52.06600000000002,52.066
51.666000000000004,51.666
50.592000000000006,50.592
50.443,50.443
51.18300000000001,51.183
51.47300000000001,51.473
50.47000000000001,50.47
49.043,49.043
48.559999999999995,48.56
49.992000000000004,49.992
52.24000000000001,52.24
53.746000000000016,53.746
53.989,53.989
53.981,53.981
54.489,54.489
55.062000000000005,55.062
54.65500000000001,54.655
52.38600000000002,52.386
49.237000000000016,49.237
47.12100000000001,47.121
47.98200000000001,47.982
51.51400000000001,51.514
56.61800000000002,56.618
61.370000000000005,61.37
63.77300000000001,63.773
62.77700000000001,62.777
59.96500000000001,59.965
57.96000000000001,57.96
57.49600000000002,57.496
56.738,56.738
54.443,54.443
52.092,52.092
51.63900000000001,51.639
52.534,52.534
52.952000000000005,52.952
52.74,52.74
53.080000000000005,53.08
54.205000000000005,54.205
55.056000000000004,55.056
55.00500000000002,55.005
54.62000000000001,54.62
54.86400000000001,54.864
55.89600000000001,55.896
56.82500000000002,56.825
56.84100000000001,56.841
55.95200000000001,55.952
55.66000000000001,55.66
57.20300000000001,57.203
60.76200000000001,60.762
64.11700000000002,64.117
65.36700000000002,65.367
64.54900000000002,64.549
63.29300000000002,63.293
62.06700000000001,62.067
60.73700000000001,60.737
60.469,60.469
61.68500000000001,61.685
62.13300000000001,62.133
60.278000000000006,60.278
56.861000000000004,56.861
54.191,54.191
52.714000000000006,52.714
52.371000000000016,52.371
53.121000000000016,53.121
54.353000000000016,54.353
55.42600000000001,55.426
56.97100000000001,56.971
59.90000000000002,59.9
63.69100000000002,63.691
66.869,66.869
68.33500000000001,68.335
68.485,68.485
67.91000000000001,67.91
66.77700000000002,66.777
64.95000000000002,64.95
62.455000000000005,62.455
59.686000000000014,59.686
57.68800000000002,57.688
57.97700000000002,57.977
60.13600000000001,60.136
61.846000000000004,61.846
61.44800000000001,61.448
60.07500000000002,60.075
59.51900000000001,59.519
60.06900000000001,60.069
60.785999999999994,60.786
61.46,61.46
62.42000000000001,62.42
64.09200000000001,64.092
66.17000000000002,66.17
67.11100000000002,67.111
66.508,66.508
65.789,65.789
66.815,66.815
69.213,69.213
71.90800000000003,71.908
74.25600000000001,74.256
75.53000000000002,75.53
74.75100000000002,74.751
72.56800000000001,72.568
70.364,70.364
68.88000000000001,68.88
67.615,67.615
66.392,66.392
64.85,64.85
62.464,62.464
59.991,59.991
58.897000000000006,58.897
59.426,59.426
60.80700000000001,60.807
62.641,62.641
64.93200000000002,64.932
66.60900000000001,66.609
66.71700000000001,66.717
65.79400000000001,65.794
65.376,65.376
65.94800000000001,65.948
66.737,66.737
66.898,66.898
66.99500000000002,66.995
67.86400000000002,67.864
69.319,69.319
70.039,70.039
68.91900000000001,68.919
67.923,67.923
68.465,68.465
69.79600000000002,69.796
70.187,70.187
69.456,69.456
69.40800000000002,69.408
70.13400000000001,70.134
69.72700000000002,69.727
67.496,67.496
65.32400000000001,65.324
65.32900000000001,65.329
66.05300000000001,66.053
65.05900000000001,65.059
62.064,62.064
59.606000000000016,59.606
59.20100000000001,59.201
60.88900000000001,60.889
62.96800000000002,62.968
63.58300000000001,63.583
62.30400000000001,62.304
60.787,60.787
61.164000000000016,61.164
62.901000000000025,62.901
64.51400000000001,64.514
66.27600000000001,66.276
68.86000000000001,68.86
71.417,71.417
72.821,72.821
73.92000000000002,73.92
75.86900000000001,75.869
78.534,78.534
80.235,80.235
79.086,79.086
74.61300000000001,74.613
68.699,68.699
64.51800000000001,64.518
62.421000000000014,62.421
60.51000000000001,60.51
57.75400000000001,57.754
55.753,55.753
55.83500000000001,55.835
57.559000000000005,57.559
60.249,60.249
64.15000000000002,64.15
68.079,68.079
70.64800000000001,70.648
71.223,71.223
70.75200000000001,70.752
69.47,69.47
67.10400000000001,67.104
64.90200000000002,64.902
63.85000000000001,63.85
63.134000000000015,63.134
62.070000000000014,62.07
60.960000000000015,60.96
60.93200000000001,60.932
62.915,62.915
67.01200000000001,67.012
71.29300000000002,71.293
73.94700000000002,73.947
74.319,74.319
74.57000000000001,74.57
76.23100000000001,76.231
79.83400000000002,79.834
84.265,84.265
87.96800000000002,87.968
89.26100000000002,89.261
87.846,87.846
83.45500000000001,83.455
77.18600000000002,77.186
71.83300000000001,71.833
69.90800000000002,69.908
70.346,70.346
70.51600000000002,70.516
68.82900000000001,68.829
67.052,67.052
66.64900000000002,66.649
67.09400000000001,67.094
67.558,67.558
68.68800000000002,68.688
70.77800000000002,70.778
72.15300000000002,72.153
70.779,70.779
67.384,67.384
65.28500000000001,65.285
67.72400000000002,67.724
73.40100000000001,73.401
78.478,78.478
79.54100000000001,79.541
78.31600000000002,78.316
77.31900000000003,77.319
77.39600000000002,77.396
77.87200000000001,77.872
79.32400000000001,79.324
81.86100000000002,81.861
84.56900000000002,84.569
86.18100000000001,86.181
85.505,85.505
83.66900000000001,83.669
83.05900000000001,83.059
84.16100000000002,84.161
84.86600000000001,84.866
82.49000000000001,82.49
79.20900000000002,79.209
77.59600000000002,77.596
78.42300000000002,78.423
80.97300000000003,80.973
84.05000000000001,84.05
86.00400000000002,86.004
86.455,86.455
86.764,86.764
89.051,89.051
92.252,92.252
93.31200000000001,93.312
91.68800000000002,91.688
88.637,88.637
85.38500000000002,85.385
81.19800000000001,81.198
75.50400000000002,75.504
69.54,69.54
64.532,64.532
61.479000000000006,61.479
60.75600000000001,60.756
61.80600000000001,61.806
63.54300000000002,63.543
64.83600000000001,64.836
65.113,65.113
63.385,63.385
60.03900000000001,60.039
56.735,56.735
55.884,55.884
57.266000000000005,57.266
59.19500000000001,59.195
59.87400000000001,59.874
59.747000000000014,59.747
60.196000000000005,60.196
61.17000000000001,61.17
61.57600000000001,61.576
60.95500000000001,60.955
60.102000000000004,60.102
59.358000000000004,59.358
58.23700000000001,58.237
57.113000000000014,57.113
56.781,56.781
57.086000000000006,57.086
57.393,57.393
57.652,57.652
58.87500000000001,58.875
61.309000000000005,61.309
63.47900000000001,63.479
63.67800000000001,63.678
62.50500000000002,62.505
61.86900000000001,61.869
61.839000000000006,61.839
61.49700000000001,61.497
60.702,60.702
60.535,60.535
62.00500000000002,62.005
64.98600000000002,64.986
67.70000000000002,67.7
67.65900000000002,67.659
64.99500000000002,64.995
62.355000000000004,62.355
61.751000000000005,61.751
61.837,61.837
61.085000000000015,61.085
59.40800000000001,59.408
57.799,57.799
56.954000000000015,56.954
57.078,57.078
57.081,57.081
55.95600000000001,55.956
54.490000000000016,54.49
54.291000000000004,54.291
56.01200000000001,56.012
58.544000000000004,58.544
61.032000000000004,61.032
63.306,63.306
65.682,65.682
68.22300000000001,68.223
70.707,70.707
71.92600000000002,71.926
70.18100000000001,70.181
66.043,66.043
62.48500000000001,62.485
61.97600000000001,61.976
64.43300000000002,64.433
67.863,67.863
69.49100000000001,69.491
67.59400000000001,67.594
61.45900000000002,61.459
52.142,52.142
44.376,44.376
43.046,43.046
50.91700000000001,50.917
63.661000000000016,63.661
74.46300000000001,74.463
78.48100000000001,78.481
77.093,77.093
74.72100000000002,74.721
75.61,75.61
79.19900000000001,79.199
82.21600000000001,82.216
82.43900000000001,82.439
79.25000000000001,79.25
72.64400000000002,72.644
63.62400000000001,63.624
54.279,54.279
48.111,48.111
46.39500000000001,46.395
48.254000000000005,48.254
50.550000000000004,50.55
51.35200000000001,51.352
49.87800000000001,49.878
47.332,47.332
44.913,44.913
43.417,43.417
43.785000000000004,43.785
47.977,47.977
56.503000000000014,56.503
64.62200000000001,64.622
66.16700000000003,66.167
60.25700000000001,60.257
52.86300000000001,52.863
51.168,51.168
56.222,56.222
63.83700000000001,63.837
67.98300000000003,67.983
66.80000000000001,66.8
61.92600000000001,61.926
57.04500000000001,57.045
54.91500000000001,54.915
56.25000000000001,56.25
59.420000000000016,59.42
62.403000000000006,62.403
64.274,64.274
64.828,64.828
63.70300000000001,63.703
61.11600000000001,61.116
59.44300000000001,59.443
60.386000000000024,60.386
63.58000000000001,63.58
65.50900000000001,65.509
63.92600000000001,63.926
60.27600000000002,60.276
57.94600000000001,57.946
58.381000000000014,58.381
60.823,60.823
63.732000000000006,63.732
65.35200000000002,65.352
64.65000000000002,64.65
62.00200000000001,62.002
59.33700000000002,59.337
58.43500000000002,58.435
59.030000000000015,59.03
60.02200000000002,60.022
61.43800000000002,61.438
63.98700000000001,63.987
67.70100000000001,67.701
71.057,71.057
72.93600000000002,72.936
73.802,73.802
74.307,74.307
74.371,74.371
73.81500000000001,73.815
72.90500000000002,72.905
72.11300000000001,72.113
71.61200000000001,71.612
71.414,71.414
70.76600000000002,70.766
69.32900000000001,69.329
67.69600000000001,67.696
66.56400000000001,66.564
65.67500000000001,65.675
64.33700000000002,64.337
62.349000000000004,62.349
60.32900000000001,60.329
60.297000000000004,60.297
63.54,63.54
68.89700000000002,68.897
72.71000000000001,72.71
72.723,72.723
69.468,69.468
65.36000000000001,65.36
60.99900000000001,60.999
55.73000000000001,55.73
50.348000000000006,50.348
47.62900000000001,47.629
50.461000000000006,50.461
58.04200000000001,58.042
68.36,68.36
77.66800000000002,77.668
82.47700000000002,82.477
82.02500000000002,82.025
79.645,79.645
78.76600000000002,78.766
79.28200000000001,79.282
79.221,79.221
78.041,78.041
77.37300000000002,77.373
80.26400000000001,80.264
86.958,86.958
93.45600000000002,93.456
94.77100000000003,94.771
90.96100000000003,90.961
85.41,85.41
80.62700000000001,80.627
77.31400000000002,77.314
76.68800000000002,76.688
78.96200000000002,78.962
82.638,82.638
84.94100000000002,84.941
85.00500000000001,85.005
83.38100000000001,83.381
81.30900000000001,81.309
79.358,79.358
77.09,77.09
72.82600000000001,72.826
66.45100000000001,66.451
60.459,60.459
57.971000000000004,57.971
60.742000000000004,60.742
67.534,67.534
75.211,75.211
80.051,80.051
79.88100000000001,79.881
76.527,76.527
73.90800000000002,73.908
74.65800000000002,74.658
77.84800000000001,77.848
80.39000000000001,80.39
81.332,81.332
81.394,81.394
81.67600000000002,81.676
81.82800000000003,81.828
80.81100000000002,80.811
79.25300000000003,79.253
78.96400000000001,78.964
80.65400000000001,80.654
82.56300000000002,82.563
83.23400000000001,83.234
82.91800000000003,82.918
82.67700000000002,82.677
82.87600000000002,82.876
83.98900000000002,83.989
85.96400000000003,85.964
87.66400000000002,87.664
87.5,87.5
86.06700000000001,86.067
85.12500000000001,85.125
84.913,84.913
84.38800000000002,84.388
83.83100000000003,83.831
85.21100000000003,85.211
88.96100000000003,88.961
92.15,92.15
92.47800000000001,92.478
90.66300000000001,90.663
87.98600000000002,87.986
84.38100000000001,84.381
79.53600000000002,79.536
73.935,73.935
67.96600000000001,67.966
61.85700000000001,61.857
58.08900000000001,58.089
58.564000000000014,58.564
62.90500000000001,62.905
67.58300000000001,67.583
70.55300000000001,70.553
70.93000000000002,70.93
69.67300000000002,69.673
68.023,68.023
67.30200000000002,67.302
67.589,67.589
68.17700000000002,68.177
68.19,68.19
67.975,67.975
68.839,68.839
70.60400000000001,70.604
71.51600000000002,71.516
69.52700000000002,69.527
65.709,65.709
62.02400000000001,62.024
59.88000000000002,59.88
58.77200000000001,58.772
58.24400000000001,58.244
58.29800000000001,58.298
59.17900000000001,59.179
60.76900000000001,60.769
61.88500000000001,61.885
62.144,62.144
61.739000000000004,61.739
60.976,60.976
60.45600000000001,60.456
60.543,60.543
60.30400000000002,60.304
58.567000000000014,58.567
55.88200000000001,55.882
54.809000000000005,54.809
56.34100000000001,56.341
58.541,58.541
59.79000000000001,59.79
60.29200000000001,60.292
61.94500000000001,61.945
65.205,65.205
68.93200000000003,68.932
71.48900000000002,71.489
72.12100000000001,72.121
71.00300000000001,71.003
69.33100000000003,69.331
67.86400000000002,67.864
66.38100000000001,66.381
64.25700000000002,64.257
61.930000000000014,61.93
60.32500000000001,60.325
59.471000000000004,59.471
58.96500000000002,58.965
59.01700000000001,59.017
60.07200000000002,60.072
61.842000000000006,61.842
63.09300000000001,63.093
63.707000000000015,63.707
64.12900000000002,64.129
64.686,64.686
65.047,65.047
64.799,64.799
64.662,64.662
65.43,65.43
66.054,66.054
65.12600000000002,65.126
62.202000000000005,62.202
59.39900000000001,59.399
57.80100000000001,57.801
56.34700000000001,56.347
54.58200000000001,54.582
53.64100000000001,53.641
54.61600000000001,54.616
56.504000000000005,56.504
57.56400000000001,57.564
57.37500000000001,57.375
56.725000000000016,56.725
57.01800000000002,57.018
58.87600000000001,58.876
61.228000000000016,61.228
63.25100000000001,63.251
65.234,65.234
66.891,66.891
67.054,67.054
65.32300000000001,65.323
62.95900000000001,62.959
61.93500000000001,61.935
62.247,62.247
63.06400000000001,63.064
63.431000000000004,63.431
63.80700000000001,63.807
65.71400000000001,65.714
68.34400000000001,68.344
69.92300000000002,69.923
69.26300000000002,69.263
67.103,67.103
64.277,64.277
61.509000000000015,61.509
59.73100000000001,59.731
60.158,60.158
62.57700000000001,62.577
65.55100000000002,65.551
67.62100000000001,67.621
68.882,68.882
70.369,70.369
71.958,71.958
72.17600000000002,72.176
70.183,70.183
66.252,66.252
61.22000000000002,61.22
55.50500000000002,55.505
51.26200000000001,51.262
51.12200000000001,51.122
56.827000000000005,56.827
65.67400000000002,65.674
72.91300000000001,72.913
74.77200000000002,74.772
72.79200000000002,72.792
69.61900000000001,69.619
67.172,67.172
65.31900000000002,65.319
63.681,63.681
61.58800000000001,61.588
58.046000000000014,58.046
52.47100000000001,52.471
46.70600000000001,46.706
43.56600000000001,43.566
45.07400000000001,45.074
49.98900000000002,49.989
55.75800000000002,55.758
60.24900000000002,60.249
63.40700000000001,63.407
65.68100000000001,65.681
67.89700000000002,67.897
70.33000000000001,70.33
72.49700000000001,72.497
74.61700000000002,74.617
76.88200000000003,76.882
78.85900000000001,78.859
79.574,79.574
78.45800000000001,78.458
75.17100000000003,75.171
70.99400000000001,70.994
67.645,67.645
67.461,67.461
69.839,69.839
72.279,72.279
72.549,72.549
70.79400000000001,70.794
67.241,67.241
62.364999999999995,62.365
57.641,57.641
55.013,55.013
54.58000000000001,54.58
54.99000000000001,54.99
55.418000000000006,55.418
56.655,56.655
58.736000000000004,58.736
60.441,60.441
61.25400000000001,61.254
62.25400000000001,62.254
64.92500000000001,64.925
68.29000000000002,68.29
69.541,69.541
67.261,67.261
62.56900000000001,62.569
58.02600000000002,58.026
56.050000000000004,56.05
57.696000000000005,57.696
62.75700000000001,62.757
67.98900000000002,67.989
69.638,69.638
65.63400000000001,65.634
59.73900000000001,59.739
57.65800000000001,57.658
62.058,62.058
69.234,69.234
74.06700000000001,74.067
75.428,75.428
75.668,75.668
76.559,76.559
77.14700000000002,77.147
76.90700000000001,76.907
76.53300000000002,76.533
76.16900000000001,76.169
74.999,74.999
73.39100000000002,73.391
72.35600000000001,72.356
70.80900000000001,70.809
66.89200000000001,66.892
61.04400000000001,61.044
55.76400000000001,55.764
53.532,53.532
54.94100000000001,54.941
60.07800000000001,60.078
65.802,65.802
69.27400000000002,69.274
69.36100000000002,69.361
68.095,68.095
67.06200000000001,67.062
66.184,66.184
65.619,65.619
65.92700000000002,65.927
65.974,65.974
63.489999999999995,63.49
57.407000000000004,57.407
51.338,51.338
48.647000000000006,48.647
50.912000000000006,50.912
55.715,55.715
60.40100000000001,60.401
64.246,64.246
68.75000000000001,68.75
74.68900000000001,74.689
79.32400000000003,79.324
79.48200000000001,79.482
74.97600000000001,74.976
70.00700000000002,70.007
67.78900000000003,67.789
69.50700000000002,69.507
72.284,72.284
73.972,73.972
73.33800000000001,73.338
71.038,71.038
68.55500000000002,68.555
67.4,67.4
67.53400000000002,67.534
67.35600000000001,67.356
65.89800000000001,65.898
64.43000000000002,64.43
64.31400000000001,64.314
64.093,64.093
62.56900000000001,62.569
60.19000000000001,60.19
58.36500000000002,58.365
57.473,57.473
57.102000000000004,57.102
57.467000000000006,57.467
58.58100000000001,58.581
59.62300000000001,59.623
59.98600000000001,59.986
60.16700000000001,60.167
61.168,61.168
62.64400000000001,62.644
63.86600000000001,63.866
64.60000000000001,64.6
64.329,64.329
62.512000000000015,62.512
59.90100000000001,59.901
57.93600000000001,57.936
57.167000000000016,57.167
57.419000000000004,57.419
59.296000000000014,59.296
63.239,63.239
68.356,68.356
72.35800000000002,72.358
73.485,73.485
72.61900000000001,72.619
72.12400000000001,72.124
72.988,72.988
74.096,74.096
73.67800000000001,73.678
72.21500000000002,72.215
71.62900000000002,71.629
72.51600000000002,72.516
73.51800000000001,73.518
73.591,73.591
74.294,74.294
76.729,76.729
79.24600000000001,79.246
78.827,78.827
74.75900000000001,74.759
67.37700000000001,67.377
58.44800000000001,58.448
50.890000000000015,50.89
48.928,48.928
52.99600000000001,52.996
60.547000000000004,60.547
66.63900000000001,66.639
69.38300000000001,69.383
68.78900000000002,68.789
66.7,66.7
64.681,64.681
64.937,64.937
67.865,67.865
71.647,71.647
74.00100000000002,74.001
75.46600000000001,75.466
77.04000000000002,77.04
78.821,78.821
79.832,79.832
79.599,79.599
78.70800000000001,78.708
77.621,77.621
76.73300000000002,76.733
76.25100000000002,76.251
76.06100000000002,76.061
76.666,76.666
77.70500000000001,77.705
78.396,78.396
78.23900000000002,78.239
77.54,77.54
76.657,76.657
75.77200000000002,75.772
73.786,73.786
68.95300000000002,68.953
62.34500000000001,62.345
57.77800000000001,57.778
59.21200000000001,59.212
64.50900000000003,64.509
70.34600000000002,70.346
73.39100000000002,73.391
72.608,72.608
67.90900000000002,67.909
61.35900000000001,61.359
55.81100000000001,55.811
53.00800000000001,53.008
52.362000000000016,52.362
52.833000000000006,52.833
53.897000000000006,53.897
56.19800000000001,56.198
60.98700000000001,60.987
68.21400000000001,68.214
74.93200000000002,74.932
78.565,78.565
78.151,78.151
75.818,75.818
73.60300000000001,73.603
71.54600000000002,71.546
68.316,68.316
63.234,63.234
58.257000000000005,58.257
55.294,55.294
55.30200000000001,55.302
56.763000000000005,56.763
58.48400000000001,58.484
59.524000000000015,59.524
60.23600000000001,60.236
61.285000000000004,61.285
62.84300000000001,62.843
64.059,64.059
64.447,64.447
64.81700000000001,64.817
65.85900000000001,65.859
67.025,67.025
66.91600000000001,66.916
65.79800000000002,65.798
66.267,66.267
69.06800000000001,69.068
72.92800000000001,72.928
75.03700000000002,75.037
74.48900000000002,74.489
71.49400000000001,71.494
66.85900000000001,66.859
62.394000000000005,62.394
60.346000000000004,60.346
60.637,60.637
61.309000000000005,61.309
59.68500000000001,59.685
56.53600000000001,56.536
54.493,54.493
56.918000000000006,56.918
64.42600000000002,64.426
74.79600000000002,74.796
82.52700000000002,82.527
84.22700000000002,84.227
80.05200000000004,80.052
74.40300000000002,74.403
69.9,69.9
67.42500000000001,67.425
66.376,66.376
66.114,66.114
65.673,65.673
64.14100000000002,64.141
61.77900000000001,61.779
59.58900000000001,59.589
58.619000000000014,58.619
60.36100000000001,60.361
65.73700000000001,65.737
73.93500000000002,73.935
83.31000000000002,83.31
91.276,91.276
94.997,94.997
91.60000000000001,91.6
83.051,83.051
72.81000000000002,72.81
65.45300000000002,65.453
62.70900000000002,62.709
64.19400000000002,64.194
66.54,66.54
66.54200000000002,66.542
64.16,64.16
62.071000000000005,62.071
61.62400000000002,61.624
63.17000000000002,63.17
67.29400000000001,67.294
74.351,74.351
82.33500000000001,82.335
88.08900000000003,88.089
89.88900000000001,89.889
85.685,85.685
75.67900000000002,75.679
62.000000000000014,62.0
50.160000000000004,50.16
43.862000000000016,43.862
43.62800000000001,43.628
47.349,47.349
53.205000000000005,53.205
58.775,58.775
62.318000000000005,62.318
64.175,64.175
65.40200000000002,65.402
65.745,65.745
64.43300000000002,64.433
62.273000000000025,62.273
60.69700000000001,60.697
60.058000000000014,60.058
60.327,60.327
61.93899999999999,61.939
64.08500000000001,64.085
64.40200000000002,64.402
62.348000000000006,62.348
59.407000000000004,59.407
56.99700000000001,56.997
56.00600000000001,56.006
58.03300000000001,58.033
62.428000000000004,62.428
67.03,67.03
68.882,68.882
66.986,66.986
61.993,61.993
56.832,56.832
53.72100000000001,53.721
53.586000000000006,53.586
54.59000000000001,54.59
55.09200000000001,55.092
54.533000000000015,54.533
53.976000000000006,53.976
54.758,54.758
57.10800000000001,57.108
59.11900000000001,59.119
59.77900000000002,59.779
59.63200000000001,59.632
59.42200000000002,59.422
59.830000000000005,59.83
60.66700000000001,60.667
61.101000000000006,61.101
60.912,60.912
61.35399999999999,61.354
63.55600000000001,63.556
66.80800000000002,66.808
69.13200000000003,69.132
69.65300000000002,69.653
68.412,68.412
65.9,65.9
62.919,62.919
61.08,61.08
61.38700000000001,61.387
63.36300000000001,63.363
64.615,64.615
64.19700000000002,64.197
62.93000000000001,62.93
62.644000000000005,62.644
63.46900000000001,63.469
63.748000000000005,63.748
63.257000000000005,63.257
63.096000000000004,63.096
63.907000000000004,63.907
65.112,65.112
66.20700000000001,66.207
66.96400000000001,66.964
67.07100000000001,67.071
66.27400000000002,66.274
65.606,65.606
65.85,65.85
66.108,66.108
65.477,65.477
64.494,64.494
64.14500000000001,64.145
63.681,63.681
61.751000000000005,61.751
58.692000000000014,58.692
56.558,56.558
56.21800000000002,56.218
56.238000000000014,56.238
55.94300000000001,55.943
56.286000000000016,56.286
57.669,57.669
59.572,59.572
60.808000000000014,60.808
61.40000000000001,61.4
61.96400000000001,61.964
63.363000000000014,63.363
65.28700000000002,65.287
66.28000000000002,66.28
65.061,65.061
62.217,62.217
59.815,59.815
59.399,59.399
60.34400000000001,60.344
60.540000000000006,60.54
59.02100000000001,59.021
56.473000000000006,56.473
54.30000000000001,54.3
52.790000000000006,52.79
52.229000000000006,52.229
53.452000000000005,53.452
56.806000000000004,56.806
61.17900000000001,61.179
64.94100000000002,64.941
67.909,67.909
70.37200000000001,70.372
72.23500000000001,72.235
72.697,72.697
70.41300000000001,70.413
65.401,65.401
58.909,58.909
54.92699999999999,54.927
54.929,54.929
57.033000000000015,57.033
57.72500000000002,57.725
56.451,56.451
54.909,54.909
54.658000000000015,54.658
55.33900000000001,55.339
55.70300000000002,55.703
54.682000000000016,54.682
52.501000000000005,52.501
50.76100000000001,50.761
49.66700000000001,49.667
49.114,49.114
49.68200000000001,49.682
51.52200000000001,51.522
54.119000000000014,54.119
56.769000000000005,56.769
60.183000000000014,60.183
64.26800000000001,64.268
66.64400000000002,66.644
66.091,66.091
63.49500000000001,63.495
60.981000000000016,60.981
59.76400000000002,59.764
60.37200000000001,60.372
62.281,62.281
64.462,64.462
66.177,66.177
66.831,66.831
65.634,65.634
62.969,62.969
60.149,60.149
58.63600000000001,58.636
58.73600000000001,58.736
60.65100000000002,60.651
63.919,63.919
66.366,66.366
66.48900000000002,66.489
65.486,65.486
65.78700000000002,65.787
68.12400000000001,68.124
70.33500000000001,70.335
71.01500000000001,71.015
70.62800000000001,70.628
70.423,70.423
70.46400000000001,70.464
70.11200000000001,70.112
69.525,69.525
68.65100000000001,68.651
66.84400000000001,66.844
64.26100000000001,64.261
62.064,62.064
61.190000000000005,61.19
60.48700000000001,60.487
58.07400000000001,58.074
54.113,54.113
49.90400000000001,49.904
47.143,47.143
46.423000000000016,46.423
47.77000000000001,47.77
50.35300000000001,50.353
52.467000000000006,52.467
53.56600000000001,53.566
54.94100000000002,54.941
56.95200000000001,56.952
58.63000000000002,58.63
59.36400000000001,59.364
60.141,60.141
62.053999999999995,62.054
64.61300000000001,64.613
66.67900000000002,66.679
66.99800000000003,66.998
65.54800000000002,65.548
63.44200000000001,63.442
62.281000000000006,62.281
62.30300000000001,62.303
62.95700000000001,62.957
63.34300000000002,63.343
62.78500000000001,62.785
60.72400000000002,60.724
57.866000000000014,57.866
55.12400000000001,55.124
53.001000000000005,53.001
51.531000000000006,51.531
50.41,50.41
49.01700000000001,49.017
47.411,47.411
46.165000000000006,46.165
45.887,45.887
46.654,46.654
48.815000000000005,48.815
52.847,52.847
58.56000000000001,58.56
64.74900000000001,64.749
69.45900000000002,69.459
71.62500000000001,71.625
71.94100000000002,71.941
72.64900000000002,72.649
73.96500000000002,73.965
74.63700000000001,74.637
75.05400000000002,75.054
76.61600000000001,76.616
79.042,79.042
79.84100000000001,79.841
77.12800000000001,77.128
72.88500000000002,72.885
68.68800000000002,68.688
65.23400000000001,65.234
62.724000000000004,62.724
61.07500000000001,61.075
59.602,59.602
57.422000000000004,57.422
54.88400000000001,54.884
53.530000000000015,53.53
53.18900000000001,53.189
52.72400000000001,52.724
51.74200000000001,51.742
51.175000000000004,51.175
52.242,52.242
54.42900000000001,54.429
56.32700000000002,56.327
57.10600000000001,57.106
57.337999999999994,57.338
57.047000000000004,57.047
56.51300000000001,56.513
56.64200000000001,56.642
57.76700000000001,57.767
59.688,59.688
61.52000000000001,61.52
63.137,63.137
65.637,65.637
69.123,69.123
72.682,72.682
74.74500000000002,74.745
74.13700000000001,74.137
71.63600000000001,71.636
69.69500000000001,69.695
69.50600000000001,69.506
70.37500000000001,70.375
70.736,70.736
70.42200000000001,70.422
70.67200000000001,70.672
71.89900000000002,71.899
73.53800000000001,73.538
74.34800000000001,74.348
73.49400000000001,73.494
70.75800000000002,70.758
66.89900000000002,66.899
62.71900000000001,62.719
58.70100000000002,58.701
54.71100000000001,54.711
51.45100000000001,51.451
49.997,49.997
50.14300000000001,50.143
51.62900000000001,51.629
53.33700000000001,53.337
54.83400000000001,54.834
55.81700000000001,55.817
56.593,56.593
58.156000000000006,58.156
60.82000000000001,60.82
63.327000000000005,63.327
64.581,64.581
63.79200000000001,63.792
61.478,61.478
57.74699999999999,57.747
53.934000000000005,53.934
52.046,52.046
53.64800000000002,53.648
57.53500000000001,57.535
61.69600000000001,61.696
65.188,65.188
68.68400000000001,68.684
71.962,71.962
73.817,73.817
73.57900000000001,73.579
71.64600000000002,71.646
70.14500000000001,70.145
69.725,69.725
69.47500000000002,69.475
68.03900000000002,68.039
65.84200000000001,65.842
64.64000000000001,64.64
64.59700000000001,64.597
64.71200000000002,64.712
65.348,65.348
67.76100000000001,67.761
72.19500000000001,72.195
76.64300000000001,76.643
78.59700000000001,78.597
76.88400000000001,76.884
72.66100000000002,72.661
68.229,68.229
65.258,65.258
63.180000000000014,63.18
61.11900000000001,61.119
58.98800000000001,58.988
57.09100000000001,57.091
55.56300000000002,55.563
54.704000000000015,54.704
54.788000000000004,54.788
55.36800000000001,55.368
55.20400000000001,55.204
54.347000000000016,54.347
53.39200000000002,53.392
52.595,52.595
51.97200000000001,51.972
52.12400000000001,52.124
53.85100000000001,53.851
57.37300000000002,57.373
61.94600000000001,61.946
66.57600000000001,66.576
70.77900000000001,70.779
74.561,74.561
78.21800000000002,78.218
80.787,80.787
80.946,80.946
79.45200000000001,79.452
77.69100000000002,77.691
75.87000000000002,75.87
73.06500000000001,73.065
69.167,69.167
66.33600000000001,66.336
65.66400000000002,65.664
67.257,67.257
69.79200000000002,69.792
71.36,71.36
69.92300000000002,69.923
66.903,66.903
65.719,65.719
67.02200000000002,67.022
68.46900000000001,68.469
68.29200000000002,68.292
66.41900000000001,66.419
62.208000000000006,62.208
54.54900000000001,54.549
46.05000000000001,46.05
40.58200000000001,40.582
40.81,40.81
45.500000000000014,45.5
52.881000000000014,52.881
60.332,60.332
66.804,66.804
71.73900000000002,71.739
74.60800000000002,74.608
75.284,75.284
72.25600000000001,72.256
65.323,65.323
55.75000000000001,55.75
46.71300000000001,46.713
40.69800000000001,40.698
38.394000000000005,38.394
38.989000000000004,38.989
41.431000000000004,41.431
44.220000000000006,44.22
44.992000000000004,44.992
42.76100000000001,42.761
38.59100000000001,38.591
36.36200000000001,36.362
38.495000000000005,38.495
44.77900000000001,44.779
52.172000000000004,52.172
58.50700000000001,58.507
62.517,62.517
64.648,64.648
65.052,65.052
64.42400000000002,64.424
63.727000000000004,63.727
63.197,63.197
62.362000000000016,62.362
60.66400000000001,60.664
58.045000000000016,58.045
56.162000000000006,56.162
56.15700000000001,56.157
57.748000000000005,57.748
59.18500000000002,59.185
58.97700000000002,58.977
56.81900000000002,56.819
54.293000000000006,54.293
52.65700000000001,52.657
51.971000000000004,51.971
50.813,50.813
47.528000000000006,47.528
42.85900000000001,42.859
38.586,38.586
36.748,36.748
38.019,38.019
42.02,42.02
46.61600000000001,46.616
49.540000000000006,49.54
50.17400000000001,50.174
50.019000000000005,50.019
50.87400000000001,50.874
52.797000000000004,52.797
54.15300000000001,54.153
54.13100000000001,54.131
53.580000000000005,53.58
54.760000000000005,54.76
58.18000000000001,58.18
62.14800000000001,62.148
64.10800000000002,64.108
63.29500000000001,63.295
61.72100000000001,61.721
61.500000000000014,61.5
62.55500000000001,62.555
63.687,63.687
64.263,64.263
64.282,64.282
63.86800000000001,63.868
63.23200000000001,63.232
62.27600000000001,62.276
60.86900000000001,60.869
59.065000000000005,59.065
57.09900000000002,57.099
54.93100000000001,54.931
52.14600000000001,52.146
49.11100000000001,49.111
46.909000000000006,46.909
46.369000000000014,46.369
47.62800000000001,47.628
49.838,49.838
51.874,51.874
53.330000000000005,53.33
53.62800000000001,53.628
52.547000000000004,52.547
51.119000000000014,51.119
50.45300000000002,50.453
51.064,51.064
52.30299999999999,52.303
53.760000000000005,53.76
55.479,55.479
56.568,56.568
56.38300000000001,56.383
55.787000000000006,55.787
56.21800000000002,56.218
58.39800000000002,58.398
60.820000000000014,60.82
62.03000000000001,62.03
61.410000000000004,61.41
60.047000000000004,60.047
59.00800000000002,59.008
58.71900000000001,58.719
58.82300000000001,58.823
58.75900000000001,58.759
58.61100000000001,58.611
59.22800000000001,59.228
61.09100000000001,61.091
62.939000000000014,62.939
63.39000000000001,63.39
62.86300000000001,62.863
63.03000000000001,63.03
63.40000000000001,63.4
62.78000000000002,62.78
61.72700000000001,61.727
61.074000000000005,61.074
60.193000000000005,60.193
58.15,58.15
55.54700000000001,55.547
53.992000000000004,53.992
53.99900000000001,53.999
55.617000000000004,55.617
57.827000000000005,57.827
59.733,59.733
60.53700000000001,60.537
60.345000000000006,60.345
59.30200000000001,59.302
57.852000000000004,57.852
56.545,56.545
55.503,55.503
54.79200000000001,54.792
55.31900000000001,55.319
57.804000000000016,57.804
60.84400000000001,60.844
62.796000000000014,62.796
62.00300000000001,62.003
58.96600000000001,58.966
54.54900000000001,54.549
49.57800000000002,49.578
44.866000000000014,44.866
41.351000000000006,41.351
41.53000000000001,41.53
46.95300000000001,46.953
56.721,56.721
67.09800000000001,67.098
75.33600000000001,75.336
79.38800000000002,79.388
78.955,78.955
74.22600000000001,74.226
67.09600000000002,67.096
60.79600000000001,60.796
56.855000000000004,56.855
55.46,55.46
55.609,55.609
56.245,56.245
56.44100000000001,56.441
55.888,55.888
54.95600000000001,54.956
53.948,53.948
51.898,51.898
47.873000000000005,47.873
43.77900000000001,43.779
41.672,41.672
42.77900000000001,42.779
45.411000000000016,45.411
48.59300000000002,48.593
53.40400000000001,53.404
60.656000000000006,60.656
69.643,69.643
77.59700000000001,77.597
82.07300000000001,82.073
82.05700000000002,82.057
79.22100000000002,79.221
75.18600000000002,75.186
70.70300000000002,70.703
65.91700000000002,65.917
61.787000000000006,61.787
59.583,59.583
59.13500000000001,59.135
59.425000000000004,59.425
59.146,59.146
59.245000000000005,59.245
61.046,61.046
64.061,64.061
66.472,66.472
65.813,65.813
62.042000000000016,62.042
56.254000000000005,56.254
50.652000000000015,50.652
47.241,47.241
46.62500000000001,46.625
48.571000000000005,48.571
52.58500000000001,52.585
57.634,57.634
61.359000000000016,61.359
63.425000000000004,63.425
65.142,65.142
67.47200000000001,67.472
69.47100000000002,69.471
70.00500000000001,70.005
69.668,69.668
68.13500000000002,68.135
64.66700000000002,64.667
60.98400000000001,60.984
59.88000000000002,59.88
62.339000000000006,62.339
65.88000000000001,65.88
67.943,67.943
67.081,67.081
63.946000000000005,63.946
60.049000000000014,60.049
57.24,57.24
56.372,56.372
57.49900000000001,57.499
59.286000000000016,59.286
60.55300000000001,60.553
60.17600000000001,60.176
58.37200000000001,58.372
55.223,55.223
50.836,50.836
45.730000000000004,45.73
41.81900000000002,41.819
41.343,41.343
44.900000000000006,44.9
51.384,51.384
57.738,57.738
62.247000000000014,62.247
63.57500000000002,63.575
62.31100000000001,62.311
60.125,60.125
58.848000000000006,58.848
58.46200000000001,58.462
58.06100000000001,58.061
57.474000000000004,57.474
56.89900000000001,56.899
56.333000000000006,56.333
56.14500000000002,56.145
57.11400000000001,57.114
60.602,60.602
65.799,65.799
71.07000000000002,71.07
74.52800000000002,74.528
75.64200000000001,75.642
75.127,75.127
74.371,74.371
73.51700000000001,73.517
72.03100000000002,72.031
68.69500000000001,68.695
63.882000000000005,63.882
60.113,60.113
59.169,59.169
60.982,60.982
63.75500000000001,63.755
66.009,66.009
67.63000000000001,67.63
68.13200000000002,68.132
67.038,67.038
64.581,64.581
62.183,62.183
60.808,60.808
61.02900000000001,61.029
62.39500000000001,62.395
64.17400000000002,64.174
65.23700000000001,65.237
65.333,65.333
64.99700000000001,64.997
64.44100000000002,64.441
63.431000000000004,63.431
61.53200000000001,61.532
59.179000000000016,59.179
57.64,57.64
57.349000000000004,57.349
57.460000000000015,57.46
57.428000000000004,57.428
58.01900000000001,58.019
59.586000000000006,59.586
61.20600000000001,61.206
61.36900000000001,61.369
59.39200000000002,59.392
55.740000000000016,55.74
52.531000000000006,52.531
51.69000000000001,51.69
53.69,53.69
56.156000000000006,56.156
57.101000000000006,57.101
55.89600000000001,55.896
53.83300000000001,53.833
52.281000000000006,52.281
52.353000000000016,52.353
53.592000000000006,53.592
55.596000000000004,55.596
57.471000000000004,57.471
58.43900000000001,58.439
58.30500000000001,58.305
57.38200000000001,57.382
56.493000000000016,56.493
55.95300000000002,55.953
55.113,55.113
53.54600000000001,53.546
51.721000000000004,51.721
50.922,50.922
51.47200000000001,51.472
52.728,52.728
54.20300000000001,54.203
56.082000000000015,56.082
58.73600000000001,58.736
61.60300000000001,61.603
63.71500000000002,63.715
64.141,64.141
63.70900000000001,63.709
63.82300000000001,63.823
63.745000000000005,63.745
61.702000000000005,61.702
57.41700000000001,57.417
53.64000000000001,53.64
52.41100000000001,52.411
53.147000000000006,53.147
53.87400000000001,53.874
53.82800000000001,53.828
53.54400000000002,53.544
54.28100000000001,54.281
56.550000000000004,56.55
59.138,59.138
60.88200000000001,60.882
61.02900000000001,61.029
60.388000000000005,60.388
59.68400000000001,59.684
58.56000000000002,58.56
56.62500000000001,56.625
54.479000000000006,54.479
53.66500000000001,53.665
55.12300000000001,55.123
58.683,58.683
62.728,62.728
65.67900000000002,65.679
66.152,66.152
64.902,64.902
63.271,63.271
61.36100000000001,61.361
58.732000000000006,58.732
54.907000000000004,54.907
49.53000000000001,49.53
42.87700000000001,42.877
36.98700000000001,36.987
36.428,36.428
41.71300000000001,41.713
48.507000000000005,48.507
50.71300000000001,50.713
48.09800000000001,48.098
44.524000000000015,44.524
43.311,43.311
44.201,44.201
45.864999999999995,45.865
47.396,47.396
48.79200000000001,48.792
50.50100000000001,50.501
52.96000000000001,52.96
56.301,56.301
59.64300000000001,59.643
61.541000000000004,61.541
60.55600000000001,60.556
57.49000000000001,57.49
54.059000000000005,54.059
52.14500000000002,52.145
52.705000000000005,52.705
54.92300000000001,54.923
56.74600000000001,56.746
57.43600000000001,57.436
57.617000000000004,57.617
57.83900000000001,57.839
57.25300000000001,57.253
55.104000000000006,55.104
52.14500000000002,52.145
49.51800000000001,49.518
48.16300000000001,48.163
48.42800000000001,48.428
49.66900000000001,49.669
50.581,50.581
50.815000000000005,50.815
51.02500000000001,51.025
52.09000000000001,52.09
53.723000000000006,53.723
54.961,54.961
55.27900000000001,55.279
56.13900000000001,56.139
59.64500000000001,59.645
64.51,64.51
67.891,67.891
67.62,67.62
65.65700000000001,65.657
64.32800000000002,64.328
64.39500000000002,64.395
64.273,64.273
62.718,62.718
60.363,60.363
58.992000000000004,58.992
59.369,59.369
60.369000000000014,60.369
60.830000000000005,60.83
60.187000000000005,60.187
57.897000000000006,57.897
54.42800000000001,54.428
52.12800000000001,52.128
52.67600000000001,52.676
55.205000000000005,55.205
56.487,56.487
55.691,55.691
54.456,54.456
54.63900000000001,54.639
55.80500000000001,55.805
56.69400000000001,56.694
56.766,56.766
56.37900000000001,56.379
55.981,55.981
55.80800000000001,55.808
55.675,55.675
55.373,55.373
55.53300000000001,55.533
56.482000000000006,56.482
57.63100000000001,57.631
58.042000000000016,58.042
57.363000000000014,57.363
56.574000000000005,56.574
56.288000000000004,56.288
56.869,56.869
58.226,58.226
59.65000000000001,59.65
60.64600000000001,60.646
61.040000000000006,61.04
61.08,61.08
61.679000000000016,61.679
62.503000000000014,62.503
62.665000000000006,62.665
61.06999999999999,61.07
58.20000000000001,58.2
55.824000000000005,55.824
55.720000000000006,55.72
57.77400000000001,57.774
60.456000000000024,60.456
62.52800000000001,62.528
64.56200000000001,64.562
67.059,67.059
69.07000000000001,69.07
69.944,69.944
70.32,70.32
70.66400000000002,70.664
70.78200000000001,70.782
71.03300000000002,71.033
72.08800000000001,72.088
72.861,72.861
72.12400000000001,72.124
70.41800000000002,70.418
68.47300000000001,68.473
66.37200000000001,66.372
64.159,64.159
62.314,62.314
61.227000000000004,61.227
60.284000000000006,60.284
58.932000000000016,58.932
57.649,57.649
57.24800000000001,57.248
58.31300000000001,58.313
59.86900000000001,59.869
60.68500000000001,60.685
61.12700000000001,61.127
60.85700000000001,60.857
58.45900000000001,58.459
54.463000000000015,54.463
50.94200000000001,50.942
50.254000000000005,50.254
51.061,51.061
51.42900000000001,51.429
50.854000000000006,50.854
50.40800000000001,50.408
50.88900000000002,50.889
52.00900000000002,52.009
53.269000000000005,53.269
54.77000000000001,54.77
56.50000000000001,56.5
57.848000000000006,57.848
57.893000000000015,57.893
56.394000000000005,56.394
53.742,53.742
51.58700000000001,51.587
50.707,50.707
50.949000000000005,50.949
51.562000000000005,51.562
51.88000000000002,51.88
50.98299999999999,50.983
48.113,48.113
43.577000000000005,43.577
38.32800000000001,38.328
33.403000000000006,33.403
30.232000000000006,30.232
30.962000000000003,30.962
35.274,35.274
41.165000000000006,41.165
45.99600000000001,45.996
49.36600000000001,49.366
51.04500000000001,51.045
51.33100000000002,51.331
51.668000000000006,51.668
54.113,54.113
58.485,58.485
62.74200000000001,62.742
64.99100000000001,64.991
66.19500000000001,66.195
66.99300000000001,66.993
66.362,66.362
63.097,63.097
57.309,57.309
51.354,51.354
47.144000000000005,47.144
45.385000000000005,45.385
46.11800000000001,46.118
49.367000000000004,49.367
54.31400000000001,54.314
58.89200000000001,58.892
61.59300000000001,61.593
62.32800000000001,62.328
63.422000000000004,63.422
65.62200000000001,65.622
68.41800000000002,68.418
70.98300000000002,70.983
72.577,72.577
72.97400000000002,72.974
71.38400000000001,71.384
66.59400000000002,66.594
60.34100000000001,60.341
55.138000000000005,55.138
53.17100000000001,53.171
52.62299999999999,52.623
50.975000000000016,50.975
47.711000000000006,47.711
44.998000000000005,44.998
44.601,44.601
46.60600000000001,46.606
49.81400000000001,49.814
52.869000000000014,52.869
55.00200000000001,55.002
56.37299999999999,56.373
56.729,56.729
56.131,56.131
54.69500000000001,54.695
